comment,sentiment
最新进展！招行被认定与钱端合作未备案 整改期间扩大业务范围,0
最前线 | 董明珠白送了三万台手机，却可能依旧救不了它的手机业务,1
自媒体抹黑科大讯飞 被判道歉赔款,1
自查发现虚增利润约14亿元 昊华能源开盘一字跌停,1
自爆重大会计差错 昊华能源股价跌停,1
自爆虚增14亿，上交所五大拷问，昊华能源开盘一字跌停,1
紫金银行巨量解禁来袭，上市一周年累计跌幅逾50%,0
紫金银行低开7% 13.69亿股限售股今日上市流通,0
子公司信披违规被查 亚太药业将遭投资者索赔,0
子公司信披违规被查 亚太药业将遭投资者索赔,1
子公司超标排污被罚100万元 煌上煌(002695.SZ)对处罚结果不服已提请行政讼诉,0
资本摁下暂停键 今年影视公司注销3000家,1
资本动态|拟10转10派20，拉卡拉收深交所关注函,1
资本策略地产被基金减持465万股,1
资本策略地产(00497.HK)遭Fund减持465万股,1
庄士中国：民事起诉状所载指控实属虚构及没有依据,1
庄士中国(00298.HK)：民事起诉状所载指控实属虚构及没有依据,1
注销资不抵债孙公司 榕基软件2019前三季度净利润减少93%,0
住建厅：通报64家建企资质核查不合格,1
住建部首定高风险 长租公寓的雷响了,1
住建部等6部门整治租房市场 遏制平台“高进低出、长收短付”,1
主动披露重大会计差错 昊华能源称将积极维护股东权益,1
周发章是否配合公司年底突击创利？*ST尤夫收问询函,0
周发章是否配合公司年底突击创利？*ST尤夫收问询函,1
重整计划在年末获法院批准 坚瑞沃能欲破局迎“新生”?,1
重要内容未达成一致 三维通信终止收购万嘉通,0
重要内容未达成一致 三维通信终止收购万嘉通,1
重庆钢铁股份(01053)核销1.85亿元应收款项,1
重庆钢铁股份(01053)：李永祥辞任总经理,1
重庆钢铁(01053.HK)进行应收款项核销已计提坏账时1.85亿人币,1
重磅！小米甩掉“步枪”，换上联想“老炮”,1
重磅！联想手机负责人离职，加入小米,0
众应互联矿机交易疑云续集：子公司“代采购”为配合亿邦上市，真正买方为银豆网李永刚,0
众加利分管公路业务的副总经理陈其晶辞职 持有公司19.57%股份,1
众合科技(000925.SZ)：楼洪海累计减持161.99万股 减持数量过半,0
众合科技(000925.SZ)：楼洪海累计减持161.99万股 减持数量过半,1
众合科技(000925.SZ)：第一大股东解押2800万股及质押3000万股,0
众合科技(000925.SZ)：第一大股东解押2800万股及质押3000万股,1
中州证券(01375.HK)主要股东累计减持830万股A股,1
中远海能(01138-HK)被摩根大通减持约200.8万股,1
中原城市领先指数报177.71点 创39周低 全年累升1.84%,1
中银国际小幅下调贵州茅台19-20年净利预测 但相信未来存在上调出厂价可能性,0
中盛光电“未了局”：昔日伙伴嘉泽集团、中融鼎兴卷入,1
中润资源(000506.SZ)延期回复深交所关注函,1
中牧股份疫苗厂致兰州布病事件背后：布病早期发现难 并发症折磨人,1
中牧股份卷入兰州布病事件 股价三连跌跌幅逾10%,1
中牧对“兰兽研布病调查事件通报结果”的回应,1
中绿中期亏损逾1.6亿元人民币 不派息,1
中粮可乐大股东中国食品董事总经理栾秀菊退休，庆立军接棒,1
中联重科(01157-HK)被摩根大通减持342.74万股,1
中联重科(01157.HK)遭JP Morgan减持342万股,1
中联重科(000157.SZ)：十一位股东已合计减持773.7559万股,0
中金CEO换将：毕明建辞任 投行负责人黄朝晖接棒,1
中环装备(300140.SZ)：中科坤健拟减持不超958.3万股,0
中环装备(300140.SZ)：中科坤健拟减持不超958.3万股,1
中环股份起诉雪球侵权 近3亿美元海外收购风波未平,0
中环股份起诉雪球侵权,0
中海重工(00651.HK)一附属遭江苏法院裁定破产,1
中国医疗集团(08225)：郭夏完成培训,0
中国现大量可售不良资产包 七成涉房地产抵押,0
中国铜原料谈判小组昨日召开会议，已确定减产,1
中国汽车流通协会：预计1月汽车销量环比略降,0
中国旅游走向高品质,1
中国基础能源(08117.HK)停牌 未悉原因,1
中国基础能源(08117)12月30日上午起短暂停牌 原因待公布,1
中国基础能源(08117)12月30日起短暂停牌 待公布有关公司主要交易的内幕消息,1
中国电信超2亿用户信息被卖 售价低至0.01元/条,0
中国电信超2亿用户信息被卖 售价低至0.01元/条,1
中国电信超2亿条用户信息在网上出售，售价最低至0.01元/条,0
中国车企洗牌：产业发展不均衡 重组破产清算成常态,0
中国宝安两股东收监管函：举牌未及时披露，还继续交易,0
中国宝安股东滞后半年披露举牌，收深交所监管函,0
中国宝安股东滞后半年披露举牌，收深交所监管函,1
中国3000家农产品电商亏损的背后是什么在作怪？,0
中国“钾肥之王”第六次在线拍卖资产包,0
智云股份：公司董秘史爽辞职,0
直击行业痛点，存量资产高峰论坛破题长租公寓发展瓶颈,0
直播答题死灰复燃，潮起潮落都是钱的事？,1
织造厂家：账期2-3个月；面料贸易：应收款3个月以上！纺织市场：年关年关，年年过关！,1
织造厂家：账期2-3个月；面料贸易：应收款3个月以上！纺织市场：年关年关，年年过关！,1
支持政策接踵而至 新三板公司资本市场布局多样化,0
支持政策接踵而至 新三板公司资本市场布局多样化,1
证监会对ST抚钢违规事件措辞严厉,1
正邦科技(002157.SZ)：LIEW KENNETH THOW JIUN已减持700万股,0
真惨，首付跌没了！北京房价史上最长熊市？1450万砍价300万…,0
真"ZARA"也撑不住了？武汉集体关店，更多大牌也关店！网友：网购太方便了,0
浙江力诺净利增速远超营收蹊跷 数据打架客户也打架,0
浙江力诺净利增速远超营收蹊跷 数据打架客户也打架,1
浙江力诺将上会，实控人曾多次短线交易违规,1
浙江东方减持华安证券“套现”设立私募股权基金存未知数,0
这些公司敲响并购“失控”警钟,1
招商证券吃警示函 部分重大决策等未经合规审查,1
招商蛇口转型冰与火：前三季度营收净利双降，1458亿资产重组成果待释放,1
招商蛇口合肥项目爆发业主维权 官方介入调查,0
招商蛇口：为JUMBO12亿元授信额度提供担保,1
招商南油：副总经理舒广仁辞职,0
招商南油：17.67亿股重新上市限售股将于1月8日解禁,0
招金矿业(01818-HK)被贝莱德减持93.65万股,1
长租公寓2019年三大关键词：融资、危机、强管控,1
长租公寓“爆雷”频现，住建部重拳出击首定“高风险”！,1
长沙银行副行长孟钢被“双开”,0
长沙银行副行长孟钢被“双开”,1
长沙银行副行长被查 涉权色交易及私藏枪支,0
长沙银行的“双难”：融资百亿仍难纾困 消费贷难展业,1
长沙银行党委委员、副行长孟钢被开除党籍和公职,0
长跑7年未走出亏损怪圈，在线教育2020年会好吗？,1
长江电力：2019年发电量降2.33%至2104.63亿千瓦时,0
长高集团拟退出新能源汽车业务 原价转让两家亏损合资公司股权,1
长白山(603099.SH)控股股东解除质押880万股,1
长安银行一客户2.5亿元大额存单到期赎回遇阻 与对外担保有关,0
长安银行一客户2.5亿元大额存单到期赎回遇阻 与对外担保有关,1
长安汽车依靠“减法”增厚业绩，宝能系加码造车胜算几何？,0
长安汽车依靠“减法”增厚业绩，宝能系加码造车胜算几何？,1
璋利国际(01693.HK)延迟公布去年度业绩 股份昨起停牌,0
璋利国际(01693.HK)延迟公布去年度业绩 股份昨起停牌,1
璋利国际(01693.HK)：延迟刊发2019财年业绩 1月2日起停牌,0
獐子岛扇贝购自日韩再加工转卖？从“死亡”3.0版到海外版，还有多少未完待续,1
章源钨业：控股股东质押400万股 累计质押占总股本44.60%,0
章源钨业(002378.SZ)控股股东质押400万股,0
章源钨业(002378.SZ)：控股股东质押800万股,1
占比不足2% 快递绿色包装还有多远,1
占比不足2% 快递绿色包装还有多远,1
展望房地产2020：需求减弱 房企信心不足,0
展望房地产2020：需求减弱 房企信心不足,0
展望2020：泡沫已经破裂，被资本遗忘的AI如何落地？,1
展望2020：泡沫已经破裂，被资本遗忘的AI如何落地？,1
展望2020 | 全球房地产现疲态，亚太受关注欧洲领涨？,0
增值率近1113%！*ST瑞德：收购龙浩光电评估增值率较高,1
增长陷瓶颈、打入高端遇阻，国货美妆能否借新零售破局？,0
造车新势力资金饥渴难消，年度目标或“全军覆没”,1
造车新势力忧“钱”途：自己跳进去才知道200亿都不够花,0
早幼教行业泡沫正在破灭？2019年51家企业跑路,1
再次计提减值吃掉11亿利润 新集能源遭证监会火速问询,1
韵达股份：黄新华及其一致行动人持股降至5%以下,1
云铜股份(00033.HK)上午停牌,0
云铜股份(00033.HK)上午停牌,1
云铜股份(00033.HK)今早停牌 涉内幕消息,0
云铜股份(00033.HK)今早起短暂停牌原因待公布,0
云铜股份(00033)1月3日停牌 待刊发有关内幕消息的公告,0
云铜股份(00033)1月3日起短暂停牌 原因待公布,0
云铜股份(00033)1月3日起短暂停牌 原因待公布,1
云南前首富赵兴龙涉“三宗罪”被罚2200万，靠赌石发家还曾牵涉“徐翔案”,0
云南前首富又挨罚，领2020年A股首张罚单，此前已成老赖,0
云煤能源(600792.SH)：云鹏南山完成工商注销登记,0
粤泰股份：谭燕辞任独立董事职务,1
粤泰股份：出售柬埔寨资产不存在损害上市公司利益的情形,1
粤桂股份(000833.SZ)：法院裁定对永福顺兴公司的破产清算申请不予受理,1
阅车快评｜车企加码共享出行，如何盈利仍是痛点,0
远东发展被惠理集团减持112.8万股,1
元旦重庆高层住宅大火，开发商卖掉内地几百亿资产，大举投资英国,0
豫金刚石收深交所关注函 要求说明超2亿元资金被划转时间和原因,1
预计土地收回事项增加2019年净利润约245万元 航天彩虹回复问询函,0
预计土地收回事项增加2019年净利润约245万元 航天彩虹回复问询函,1
雨后春笋般的高端家电品牌 是来割韭菜的吗？,0
渝股中交地产董事长辞职 前绿城执行总裁出任,0
渝股中交地产董事长辞职 前绿城执行总裁出任,1
又有多家报刊元旦告别，传统纸媒正全力洗牌重生,1
又有多家报刊元旦告别，传统纸媒正全力洗牌重生,1
又一只银行股上市首日即破发！这次是贵州银行，茅台集团为其第二大股东,1
又一银行高管被双开,0
又一家国企爆雷！昊华能源虚增利润14亿一字跌停，4.4万股民躺枪,1
又一国产老品牌倒下了，踉踉跄跄半世纪，如今亏损82亿被迫停产！,1
又一服装巨头倒下：曾营收比安踏还高出一倍，今破产负债15.12亿,0
又是HR的锅？神州优车回应宣读裁员：方式欠妥,1
有才天下(06100-HK)被Giant Lilly Investment减持451.7万股,1
油气交易中心乱象,0
由于发生违约事件中昌国际执行控股股东可换股票据被抵押,0
优刻得预计2019年全年净利润同比下降74%至77%,1
优刻得距离上市一步之遥 预计2019年全年净利同比下滑74%至77%,1
优刻得UCloud“征战”科创板：营收、利润双双下滑，区块链“捉迷藏”,1
用23亿资产还5.6亿债务，这是什么“神操作”？,1
永辉超市2019年过半交易日股价下跌 全年股价下跌4.56%,0
永高股份：控股股东、实控人的一致行动人王宇萍、张少杰近期合计减持公司股份比例达1%,1
永高股份(002641.SZ)：实控人的一致行动人再减持1.09%股份,1
永鼎股份：控股股东永鼎集团拟减持不超过2%公司股份,0
永鼎股份：控股股东永鼎集团拟减持不超过2%,0
永鼎股份：控股股东拟减持不超2%股份,0
永鼎股份：控股股东拟集中竞价减持不超过2491万股 占比2%,0
永鼎股份：股东永鼎集团拟减持公司2%股份,0
永鼎股份：股东永鼎集团拟减持不超过总股本的2%股份,0
永鼎股份(600105.SH)：永鼎集团拟减持不超2%股份,0
映翰通IPO：营收净利含金量不高 应收账款增速远超营业收入增速,0
映翰通IPO：营收净利含金量不高 应收账款增速远超营业收入增速,1
影视演员意外身亡，背后真相太可怕！,0
影视圈资本大佬悄然出现在朋友圈悬赏公告 两家长城系上市公司今天跌停,1
影视行业洗牌走了谁：横店群演少了，小编剧转行做微商卖保险,1
影视股离春天有多远？,0
影视板块成业绩“杀器” 吉翔股份拟转让子公司贰零壹陆控股权,1
营收利润不及预期 贵州茅台放量大跌,0
营收利润不及预期 贵州茅台放量大跌,1
盈利不足千万又遇子公司败诉 南宁百货陷股权争夺前途未卜,1
盈康生命股东叶运寿拟减持不超1%股份,0
盈康生命：持股8.34%的股东叶运寿拟减持不超过1%,0
迎驾贡酒被指渠道压货、存在暴雷可能，公司发布公告予以否认！,1
婴幼儿液奶市场前途未卜,0
婴幼儿配方液态奶变“凉”,1
英国零售业遭遇寒冬，约有15万人下岗，贝嫂的服装店也亏损裁员,0
印度2019年11月国内原油产量下降5.98%,1
印度2019年11月国内原油产量下降5.98%,1
引力传媒提示风险：MCN业务存在不确定性,0
引力传媒提示风险：MCN业务存在不确定性,1
引力传媒十天八涨停提示风险 控股股东方面减持240万股,1
银行员工伪造43人资料骗贷 自审、自批侵占银行1600余万,1
银行业裁员潮来袭，2019年全球裁员近8万，大家该何去何从？,0
银行新股破发存深层原因 破净已成全球银行业“通病”,0
银行现金管理类产品对标公募货基 收益或将面临下行,0
银行理财子公司“吓”得不轻！现金管理类理财产品新规要出台 ，“类货基”占比不得超过30%,1
银行理财子公司“吓”得不轻！现金管理类理财产品新规要出台 ，“类货基”占比不得超过30%,1
银行活期理财将成翻版“货币基金”,0
银行股的踩雷风险,1
银行“靠档计息”定存产品被叫停,1
银行“靠档计息”定存产品被叫停,1
银保监会今年开出4000余张罚单,1
因信披违规 宝辰联合及相关责任主体被纪律处分,0
翼辰实业：顾晓慧获提名委员会及执行董事,1
翼辰实业(01596.HK)终止隆基新加工总协议及新窆鹤苄议,1
翼辰实业(01596)终止新加工总协议及新采购总协议,1
益丰打响价格战 医药零售洗牌加速,0
易明医药(002826.SZ)：华金天马拟合计减持不超6%的股份,0
易还财务投资(08079.HK)配售协议失效,1
义乌千万豪宅被指“豆腐渣”工程 涉及中梁、金地、绿地、海天多家房企,1
以租代购存短板 高残值租赁或成发展方向,1
已有30人出事！涉案金额最高达2亿！深度揭秘房企雷霆反腐内幕,1
医保巨幅降价85%、临床试验不及格，中国药企为何压力山大？,1
一字涨停！分红规模相当于全年利润，豪气高送转预案引深交所关注,1
一字跌停！昊华能源自曝“虚增资产”大雷后，还藏有哪些隐患？,1
一周食安黑榜：多美鲜植物黄油等知名产品屡上黑榜 盒马鲜生所售淡水虾检出禁用兽药,1
一天之内两起收购皆系关联交易 冠城大通逆市买资产疑惑待解,1
一天净赚1.1亿！然而投资者并不满意，贵州茅台错失2020“开门红”,1
一审判决胜诉 天山生物逐步走出重组阴霾,0
一审判决胜诉 天山生物逐步走出重组阴霾,1
一年狂吸300亿投资 Micro LED 产业化尚难破局,1
一口气变卖28套房的新集能源这回巨额计提资产减值，11亿计提完全抵消前三季扣非净利一年白玩儿,1
一个月暴3个雷！华仪电气自请ST带帽又遭证监会调查,1
一个月7部 古装影视剧集体哑火,1
一个月7部 古装影视剧集体哑火,1
夜间加价购票靠谱吗？12306：有不能出票等风险,1
夜间加价购票靠谱吗？12306：有不能出票等风险,1
业内人士警告：2020或将成为石油业破产之年,1
业内人士警告：2020或将成为石油业破产之年,1
业绩大涨却遭行业遇冷 麦克韦尔能否继续点燃电子烟？,1
业绩大涨却遭行业遇冷 麦克韦尔能否继续点燃电子烟？,1
业绩大涨却遭行业遇冷 麦克韦尔还能点燃电子烟吗？,1
业绩“失速”后，茅台董事长：保持30%增速不理性不现实不负责,0
要求说明目前债务逾期情况，豫金刚石收深交所关注函,0
要求说明目前债务逾期情况，豫金刚石收深交所关注函,1
阳光城销售规模破2000亿仍存隐忧 利息支出攀高、利润率蚕食下滑,0
阳光城销售规模破2000亿仍存隐忧 利息支出攀高、利润率蚕食下滑,1
扬杰科技将于1月2日解禁102.61万股,1
扬尘防控整治不手软 69个工地受罚,1
央行降准送出大礼包 楼市却难言乐观？,0
央行降准：房企缓解资金压力 增加房贷利率下调可能性,0
严监管下重塑行业标准 保健食品企业跨界求变,1
严监管下重塑行业标准 保健食品企业跨界求变,1
严监管下的结构性存款：变相保本保高收益现象仍存,0
严监管下的结构性存款，“变相”保本保高收益现象仍存,0
延华智能(002178.SZ)拟转让美迪希兰51%股权予王海鸣,0
延华智能(002178.SZ)拟转让美迪希兰51%股权予王海鸣,1
延华智能(002178.SZ)：公司处于无控股股东、无实控人状态,0
延华智能(002178.SZ)：公司处于无控股股东、无实控人状态,1
亚太药业子公司失控续：公司及董事任军遭证监会立案调查,1
亚太药业收关注函,0
亚太药业涉信披违规遭立案调查 子公司失控商誉减值或达6.7亿,0
亚太药业涉信披违规遭立案调查 子公司失控商誉减值或达6.7亿,1
亚太药业董事任军收证监会立案调查通知书,0
亚太药业董事任军收证监会立案调查通知书,1
亚太药业9亿现金收购标的失控 安信证券项目爆了新雷,1
亚太药业(002370.SZ)董事任军遭立案调查,0
亚太药业(002370.SZ)董事任军遭立案调查,1
雅居乐云南再“遇险” 200亿文旅小镇违规占地遭立案,0
雅居乐云南再“遇险” 200亿文旅小镇违规占地遭立案,1
雪莱特：四项债务逾期，合计逾期本金5727.46万元,0
雪莱特：上告富顺光电索要分红、实控人累计被平仓2.21%股权,1
雪莱特(002076.SZ)：柴国生累计被平仓1719.16万股,0
雪莱特(002076.SZ)：柴国生累计被平仓1719.16万股,1
蓄电池行业新曙光 行业洗牌在所难免,1
虚增利润14亿元 昊华能源跌停封单超11万手,1
虚增利润14亿，昊华能源：误增……,1
虚增14亿曝光！昊华能源重大会计差错惊呆4万股东,1
虚增14亿利润和28亿资产，上市国企开盘跌停，4万多股东背锅,1
虚构合同侵吞国有资金406万 启明信息技术总监及下属获刑五年,0
兴民智通股东盛邦创恒质押600万股 用于自身生产经营,1
星期六脱“鞋”上“网”,1
星湖科技股东汇理资产等拟半年内减持1478万股,1
新一轮带量采购影响扩散：多家连锁药店打响价格战,0
新一轮带量采购启动 行业洗牌提速,0
新型网络侵权频发呼唤立体“过滤体系”,0
新丝路文旅被执董吴光曙减持30万股,0
新三板退市公司智慧眼与中泰证券“分手” 终止上市辅导协议,0
新年首张罚单：前云南首富违规买卖狮头股份，被罚2200万,1
新年首日茅台市值蒸发逾660亿元 增长放缓引市场担忧,1
新年首罚！云南前首富被证监局罚款2200万，但这笔钱不好收,0
新年首罚！云南前首富被证监局罚款2200万，但这笔钱不好收,1
新年两市首份回购方案出炉,0
新年两市首份回购方案出炉,1
新年第一雷！天灾还是人祸？减值时间耐人寻味，董监高提前出逃,0
新年第一雷！天灾还是人祸？减值时间耐人寻味，董监高提前出逃,1
新年第一雷！汤臣倍健减值16亿侵吞一年净利，祸起溢价买澳大利亚企业,1
新年第一雷！保健品龙头减值16亿侵吞一年净利，祸起溢价34倍收购澳大利亚企业,1
新能源汽车销量五连跌后，2020年向好的希望在哪里？,0
新能源汽车销量同比暴跌40%，难道是大家都不喜欢电动汽车了吗？,1
新能源汽车销量“跌跌不休” 专家希望国内厂商稳住,1
新能源汽车“里程焦虑”困境，谁来拨开迷雾？,0
新能源车驶入后补贴时代,0
新能源不好卖 阵痛期孰之过？（上）,0
新联电子(002546.SZ)：创业园已累计减持3%的股份,0
新雷能(300593.SZ)股东白文拟减持不超150万股,0
新雷能(300593.SZ)股东白文拟减持不超150万股,1
新老业务“青黄不接” 证通电子难出负债高墙,1
新疆新鑫矿业(03833)：西安中院就担保追偿权纠纷案件重新作出一审判决,1
新集能源再度大额计提 上交所火速问询,1
新华联债务激增90亿 控股8家A股公司质押率超99%,1
新华联危局：净利降30%债务激增90亿 傅军资金链紧绷8A股公司质押率超99%,1
新宏泰(603016.SH)副总经理陈建平减持时间过半 累计减持5万股,0
新高教终止购新疆财经大学商务学院的索赔获胜诉判决,1
新高教集团终止收购新疆学校 相关诉讼胜诉,1
新高教集团(02001.HK)新疆学校诉讼获胜诉,1
新高教集团(02001)新疆学校收购诉讼胜诉,1
新房价格四连降，二手房八连跌,1
新城控股董事长猥亵女童后：为何股价先跌后反弹至高点？,0
新奥能源被摩根大通减持136.51万股,1
携号转网还要“被宰”1.8万违约金！谁给了运营商这个胆？,1
小米摄像头被曝存安全漏洞 于是谷歌禁集成功能,0
小米摄像头被曝存安全漏洞 于是谷歌禁集成功能,1
小米摄像头被谷歌紧急封禁！别人的设备，能看到你家现场,0
小米回应谷歌禁止小米设备访问Nest Hub：已与谷歌沟通并修复Bug,0
小米回应被谷歌禁用：已修复Bug 适时重新上线,0
小米否认常程曾与联想签竞业协议 联想手机该何去何从？,0
小米被判赔1200万背后：申请商标超6000个 曾起诉国家知识产权局,1
祥博传热总经理方书华辞职 不持有公司股份,1
香雪制药卷入受贿案 回应称是个人行为不知情,1
香港写字楼也撑不住了！全球最贵，空置率却大幅攀升，5年新高！,1
香港写字楼也"撑不住"了！空置率大幅攀升，60个月新高！,1
香港楼市房价为何会暴跌？香港房产未来还能走多远？,1
陷入“暴涨暴跌”的中迪投资 跨界医疗能否扭转巨亏困局惹关注,0
陷入“暴涨暴跌”的中迪投资 跨界医疗能否扭转巨亏困局惹关注,1
线下市场一降再降，“除甲醛”也没让空气净化器摆脱靠天吃饭,1
现代传播被富达国际减持20万股,1
县城里70%精装房，经销商过得怎么样？,0
贤丰控股总经理辞职,1
贤丰控股董事、总经理卢敏辞职 去年年薪107万,1
贤丰控股(002141.SZ)：总经理卢敏辞职 董事长暂代履职,1
先临三维子公司天远三维12月27日从新三板摘牌,1
先锋电子：控股股东石政民计划减持股份不超过6%,0
先锋电子(002767.SZ)：控股股东石政民拟减持不超6%的股份,0
下大力气破解新能源汽车安全性与经济性问题,0
熙菱信息：8134万股首发限售股将解禁,0
锡业股份(000960.SZ)：云南省人民政府拟终止与中国五矿深化合作,1
昔日陕西首富陷困局，股权冻结、成“老赖”，被迫变卖资产,0
西宁特钢债务风险得到部分化解，子公司获30亿元增资用于还债,0
西南证券被责令改正 合规人员管理存在多项违规,1
西谷数字总经理陆扬辞职 不持有公司股份,1
物业公司上市表现冰火两重天,1
武进不锈实控人拟减持公司2%股份,1
武进不锈：实控人朱琦拟减持不超过286万股,1
武进不锈(603878.SH)实控人朱琦拟减持不超1%股份,1
武汉现不明原因肺炎病人 事发市场今起休市整治,0
武汉科技|理工光科募集资金是否守诺践行 保荐机构持否定态度,0
武汉凡谷索赔案二审维持原判,0
武汉凡谷索赔案二审维持原判,1
武汉发生肺炎疫情的市场休市 动物内脏曾散落街角,0
武汉不明原因肺炎已做好隔离 检测结果将第一时间对外公布,0
沃特玛破产清算相关工作进入尾声 坚瑞沃诺已不再控制,1
沃特玛破产，动力电池产业迎来“洗牌”时代,0
我乐家居橱柜全屋定制屡遭投诉，产品和服务有待提升,1
闻泰科技：董事张勋华先生辞职,0
文投控股否认利益输送，已与万达影视洽谈项目投资合作,0
文投控股否认利益输送，已与万达影视洽谈项目投资合作,1
味千中国连遭重创市值缩至27亿 门店半年仅增4家千店计划搁浅,1
未名医药收深交所关注函,0
未名医药收关注函：要求详细披露控股股东非经营性资金占用的具体情况,0
未及时披露持股超5%，中国宝安两股东被发监管函,0
未按时披露增持信息，中国宝安股东收监管函,0
玮利国际(01693)延迟刊发年度业绩 2日起停牌,0
玮利国际(01693)延迟刊发年度业绩 2日起停牌,1
伟明环保：副总裁陈革减持50万股,0
伟明环保(603568.SH)董事陈革完成减持50万股,0
违规交易太原狮头股份，云南前首富被山西证监局罚款2200万元,0
违规担保19亿，关联方占用资金21亿，逾期债务47亿，盛运环保18亿资产重组引深交所5连问,0
为助*ST猛狮脱困 “准重要股东”宁波致云捐赠现金3000万,0
为降低运营成本 创新工场今日起从新三板摘牌,0
为何未披露收购报告书等相关文件？大富科技收关注函,0
望湘园2019年上半年亏损1930万元,0
网友吐槽常程加盟小米：说好了要和卢伟冰对线，怎么就成了队友,0
网友吐槽常程加盟小米：说好了要和卢伟冰对线，怎么就成了队友,1
网传武汉现不明原因肺炎病人，武汉疾控中心：没有收到关于非典的信息,0
万通地产：蒋弘毅、冯关昊因工作原因辞职 王易慧、吴毛丹成董事会候选人,1
万通地产：江泓毅辞任董事长等职务 王忆会、吴丹毛为董事候选人,1
万马科技(300698.SZ)：杨义谦已减持125.62万股,0
万隆光电(300710.SZ)：华凯投资减持期届满 累计减持105.73万股,0
万里石董事兼高管人员完成减持计划 共计减持约297万股,0
万里石(002785.SZ)董事邹鹏减持期届满 累计减持297.24万股,0
万里石(002785.SZ)董事邹鹏减持期届满 累计减持297.24万股,1
万邦达(300055.SZ)：昊天节能不再纳入公司合并报表范围内 其重大项目不再列示,1
脱离合资背景、转让PSA股权 长安轻装上阵,0
土地供应增加 楼市库存高企,1
图南股份关联公司难理清 政府补助超利润总额四成,0
突发！医药股又大跌：开盘不到10分钟，就蒸发300多亿！原因竟是…,1
突发！医药股又大跌：开盘不到10分钟，就蒸发300多亿！原因竟是…,1
突发！医药股又大跌：开盘不到10分钟，就蒸发300多亿！原因竟是…,1
透视｜新能源车企“钱”途何在？,0
投资者诉华泽退等索赔案一审胜诉 其余受损投资者仍可索赔,0
投融长富(00850)：黄国标接替陈永生获任授权代表 继续停牌,0
投机取巧不惜违规 加了甜蜜素的白酒喝了甜不起来,0
痛失“万磁王”联想手机前景迷离,0
痛失“万磁王”联想手机前景迷离,1
铜陵化学工业集团子公司收到生态环境局行政处罚决定书,0
通用处境不妙，大众再遭“黑天鹅”，上汽集团能靠广汽走出阴霾吗,1
通鼎互联(002491.SZ)实控人沈小平质押113.1902万股,1
铁矿石指数样本数量与质量大幅下滑,1
铁货(01029.HK)K&S工厂球磨机运作问题解决惟乾燥装置生产比率受限,1
甜蜜素压不垮酒鬼酒，但高库存却有可能,1
天跃科技副总经理杨瑜辞职 不持有公司股份,1
天邑股份将于1月2日解禁615.6万股,1
天翔环境：实际系票据贴现协议，诉讼发回重审,1
天祥集团担保违规吃警示函 安信证券项目失守风控关,1
天下支付违法遭罚没569万 支付牌照未续展已停业5个月,1
天通股份：控股股东质押626万股 累计质押占总股本10.11%,1
天通股份(600330.SH)控股股东解质1680万股 补充质押626.4万股,1
天士力剥离高负债资产聚焦“医药工业” 主力遭遇天花板,1
天士力：子公司终止挂牌新三板,0
天士力：控股子公司天士营销终止挂牌,0
天山生物共计4个银行账户被冻结，存强制退市风险,1
天马科技(603668.SH)：5名董监高拟减持合计不超1250.95万股,1
天雷滚滚来！中集集团业绩预亏至少40亿 占比不到2%的海工业务成其绊脚石,0
天雷滚滚来！中集集团业绩预亏至少40亿 占比不到2%的海工业务成其绊脚石,1
天津食品安全抽检 部分批次不合格,0
天津房屋租赁市场:年前继续维持“淡季”,0
天玑财富折戟海航基础 恐波及刚泰控股和宝鹰股份,0
天臣控股公布主要股东改变,0
体检业务下滑，51亿商誉或将爆雷：美年健康年关难过,1
唐商联合体5亿元夺得东莞谢岗商住地 溢价率27%,1
汤臣倍健商誉计提减值准备约超10亿 上市十年首迎净利润亏损或超3.65亿,0
汤臣倍健的新年“第一雷”,0
汤臣倍健10亿商誉暴雷后涨停！券商邀经销商老总“爆料”，惹恼上市公司,0
汤臣倍健“变天”了，上市十年首亏,0
汤臣倍健：计提商誉减值 仍对益生菌市场充满期待,0
汤臣倍健：计提商誉减值 仍对益生菌市场充满期待,1
谈论企业微信，我们究竟在谈什么?，又该如何去做？,1
泰永长征年末接受信披规定“再教育” 2019年因违反信披规定收监管函,0
泰凌医药被上海交大昂立减持3380.4万股,1
泰凌医药被上海交大昂立减持2264.45万股,0
泰禾销售额下跌超四成 欲借助瘦身求生存时机,0
泰豪集团入主凤形股份 将承接原股东相关承诺,1
太拼了！年底上市公司扎堆卖房 监管部门频频发函,1
太拼了！年底上市公司扎堆卖房 监管部门频频发函,1
太拼了！年底上市公司扎堆卖房 监管部门频频发函,1
太惨了！全球银行"裁员潮"：42万工作机会没了，连机器人也来抢饭碗！,0
苏泊尔召回部分电水壶产品,1
送达诉状副本及开庭传票――逸德汽车智能科技(常州)股份有限公司,1
"送达裁判文书――李宗平,任彩霞",0
"送达裁判文书――李义浩,陈玉霞",0
宋河酒业近20亿借款明年待偿，受拖累后能否复兴？,1
宋都股份：宋都控股解除质押7100万股股份 占公司总股本的5.30%,1
宋都股份：宋都控股解除质押7100万股股份 并再次质押,1
四家车企提前完成年度目标，日系有望笑到最后,1
四家车企提前完成年度目标，日系有望笑到最后,1
四家车企提前完成年度目标，日系有望笑到最后,1
四川长虹下设公司采购系统现漏洞 员工骗近500万货款,0
四川省市场监督管理局关于7批次食品不合格情况的公告（2020年第1号）,0
斯玛特财务负责人周艳萍辞职 不持有公司股份,1
思美传媒(002712.SZ)：王秀娟累计减持43.78万股 减持计划实施完毕,0
说好不打价格战的顺丰，又双降价了,0
双林生物拟核销1.72亿其他应收账款：多次追讨无法收回 前三季度净利润1.27亿元,1
双林生物核销其他应收款1.7亿元 控股股东所持股份已全部质押,1
双林生物核销1.72亿坏账 账龄绝大部分10年以上,1
数字认证：北京市属部门数字证书采购方式变化或对公司产生影响,0
数据显示 中国APP正在失去印度应用市场的绝对优势,1
受经济放缓及暖冬打击 美国液化天然气出口受压,1
受经济放缓及暖冬打击 美国液化天然气出口受压,1
首创置业沽江苏地股权 套现11亿人币,1
首创置业：10.66亿元转让苏州泓昶置业94%股权,1
收到这样的汇票，要小心了！多家建筑类央企被冒开虚假电子汇票，上海票交所刚刚提示风险,1
是否可能损害上市公司利益？茂业商业因向控股子公司股东提供借款收问询函,1
是否存在以股抵债的安排？华映科技股权变动遭问询,1
是否存在年末突击交易情形？千山药机收关注函,0
市场消息：10家大型铜冶炼企业计划联合减产基本属实,1
市场监管总局：12批次自动电饭锅经检测质量不合格,0
市场缓慢回暖 服装行业离“春天”还有多远,1
市场缓慢回暖 服装行业离“春天”还有多远,1
市场饱和了？销量破千亿的女装市场 今年增幅或放缓至2.7%,1
世龙实业(002748.SZ)：新世界投资减持期届满 累计减持1.0061%股份,1
实控人涉嫌内幕交易春兴精工跌停 董监高们早就跑了?,1
实控人拟变更 博汇纸业复牌后“一字”涨停,1
实控人辞职离场 世荣兆业再添变数,1
时代IPO | 精英数智持续经营能力堪忧，财报现多处会计差错更正,1
石破天惊！身价骤变！幕后竟是……,0
石家庄：网购车平台投诉突出,0
石基信息(002153.SZ)拟核销的应收账款及其他应收款余额为298万元,1
十余款APP因过度收集个人信息收到检察建议，过去一年间，公益诉讼都有哪些新进展,1
十亿起步，快递大佬减持凶猛,0
盛运环保收关注函：茂博集团为何代关联方清偿占用资金,0
盛运环保收关注函：47亿巨额债务化解进展如何？,0
盛运环保收关注函 说明茂博集团代公司关联方清偿占用资金的原因,0
盛运环保收关注函,0
盛运环保收关注函,0
盛运环保18亿资产重组引深交所关注：是否与公司控股股东、董监高存在利益安排,0
盛屯矿业(600711.SH)：林奋生已减持0.52%的股份 持股降至4.99%,1
圣济堂拟剥离化工业务 大健康扛旗面临挑战,1
声称权益被“绑架” 聚力文化新任董事提请离职,0
声称权益被“绑架” 聚力文化新任董事提请离职,1
生鲜零售「遇难」，阿里也无计可施,0
生鲜电商惊雷过后：寡头相争，行业向上,0
生鲜电商行业再迎洗牌 网上“菜篮子”经营困局难解,1
生鲜电商行业再迎洗牌 网上“菜篮子”经营困局难解,1
生鲜电商行业遇变局 前置仓模式是伪命题？,1
生鲜电商 活下来好难,1
生鲜电商 活下来好难,1
神州优车神操作，员工当众宣读自己被裁，回应称已给补偿方案,1
神州优车卷入裁员风波，车闪贷曾被疑套路贷，收购宝沃陷巨额亏损,1
神州优车回应工位宣读解聘：HR深度自责 在闭门自省,1
神州优车回应工位宣读裁员：还需讲究方式方法,1
神州优车回应裁员风波：前期曾与该员工进行反复沟通,1
神州优车回应HR当面裁员：早已提供补偿方案，方式欠妥,1
神州优车工位宣读裁员：单方面解除合同，不服可去仲裁委,1
神州优车单方面解除员工劳动合同？公关负责人王涛：HR深度自责闭门自省,1
神州优车裁员简单粗暴惹争议，官方承认方式欠妥,1
神舟优车被爆强制裁员，HR称有意见可以去找仲裁委,1
神农科技子公司被罚预计减少过亿利润 连续五年主业亏损曾涉业绩造假,0
神农科技子公司被罚预计减少过亿利润 连续五年主业亏损曾涉业绩造假,1
神农科技子公司被罚或减过亿利润 连续五年主业亏损,0
神农科技子公司被罚或减过亿利润 连续五年主业亏损,1
神秘石油大佬数十亿暴雷！曾遭“举牌”未披露，股东套现黯然离场,0
神城A退聘请山西证券任公司在新三板挂牌的主办券商,1
深深爱免去邓文斌副总经理职务 持有公司0.29%股份,0
深深爱免去邓文斌副总经理职务 持有公司0.29%股份,1
深交所向拉卡拉下发关注函：披露高送转方案的主要考虑及其合理性,1
深交所向拉卡拉下发关注函 说明公司认为确有必要披露高送转方案的主要考虑,1
深交所向拉卡拉下发关注函,1
深交所问询拉卡拉：上市当年披露高送转是否为炒作股价,1
深交所“盯上”拉卡拉：抢发高送转是否炒作,1
社忧网络免去夏昕董事长职务 持有公司9.09%股份,1
社科院：一线城市2020年下半年房价稳定难度可能加大,1
社科院：2020年初房地产市场“小阳春”或难再现,1
上市药企靠“贴膘”过冬？有公司1.5亿补助超前三季总营收,1
上市公司年末花样“爆雷”,0
上市公司年末花样“爆雷”,1
上交所公开谴责澄星股份及其控股股东、时任高管等,0
上交所公开谴责澄星股份及其控股股东、时任高管等,1
上交所对中再资源及其董秘予以监管关注,1
上交所：将ST华仪调出上证环保等指数样本股,0
上海最大民办大学运营方建桥教育启动招股 未来业绩增长靠涨学费？,1
上海地王“进退两难”,0
商誉暴雷后的汤臣倍健将何去何从？,0
陕西金叶(000812.SZ)：第一大股东质押展期5400万股,0
山西药监局：12家企业24批次中药饮片不合规 涉河北凯达药业等,1
山西汾酒上市公司董事长要回归 原总经理常建伟蹊跷降为副总经理,1
山东省药监局成立化妆品专题督导组，整改《问政山东》曝光问题,1
山东国信(01697.HK)今早起停牌待发收购合阒内幕消息,1
森远股份：变更董事会秘书,1
三亚开展食用农产品整治行动 查处4批次超标水产品,1
三峡水利65亿收购案遭否 中信证券等两豪门护航失利,1
三维通信(002115.SZ)终止发行股份购买资产 今早复牌,0
三维通信(002115.SZ)终止发行股份购买资产 今早复牌,1
三圣股份：所售商品砼价格有所上涨 同时材料价格上升较快,1
三钢闽光与亿鑫钢铁中止钢铁产能合作西本新干线,1
赛卓药业拟注销成都分公司 称不会对公司盈利产生不利影响,1
萨克森股东王申减持100万股 权益变动后持股比例为36.49%,1
润和软件遭责令改正 会计政策不当现金披露数据不准确,1
润和软件被责令改正 政策使用不当致半年报数据错误,1
闰土股份(002440.SZ)：阮加春和阮兴祥已合计减持1610万股,1
软控股份：财务总监李颉先生辞职,0
软控股份(002073.SZ)：袁仲雪及其一致行动人质押约1.20亿股,1
入股12年暴赚148倍！浙江东方（600120.SH）欲再度出售海康威视股权,0
融资租赁”购车：是“陷阱”，还是“馅饼”？,0
融信首席营销官张文龙离职，加盟曹舟南团队,0
融信首席营销官张文龙离职 加盟蓝绿城,0
日系车激战中国市场，冰火两重天,1
日媒:日将立法限制中国高科技产品 5G基站为适用对象,0
日厂电子零件出货额创2016年以来最大减幅！电容狂减2成,1
日厂电子零件出货额创2016年以来最大减幅！电容狂减2成,1
日播时尚存货高企仍扩产能 成立13年品牌半年亏1400万,0
日播时尚存货高企仍扩产能 成立13年品牌半年亏1400万,1
日本：销量微下滑 转型压力大,0
人民银行开出五张罚单 皆因“未按规定履行客户身份识别义务”,1
人民币理财――-保本加速退场 净值还欠火候,1
人福医药：董事会为控股子公司人福湖北、武汉普克、人福康诚提供担保,1
雀巢等洋奶粉检出矿物油 专家称含量不足以危害健康,1
雀巢等洋奶粉检出矿物油 专家称含量不足以危害健康,1
全球银行业大裁员,0
全面 | 2019年银行大事件回顾,1
全国600亿快递量，为何绿色包装不到1/6？,1
全国600亿快递量，为何绿色包装不到1/6？,1
去年超3000家奶茶企业倒闭，暴富美梦该停了？,0
"去年12月住宅楼宇买卖合约3,184份 按月跌44.7%",0
去产能煤矿资产减值没定数 新集能源再计提11亿元减值准备被问询,1
取消汽车限购政策不断，为何地方实施困难重重？,1
青岛中程仍背负赔偿责任 前董事长之子股份再遭冻结,0
青岛西海岸旅游市场专项执法，15家旅行社被责令整改,1
青岛港被惠理集团减持33.1万股,1
勤上股份违规收监管函 3169万买地与房8年未完成过户,1
侵权公司正式向科大讯飞道歉,0
抢票软件变黄牛：收费藏猫腻 加速包抢不过手动买票,1
强盛股份股东顾屹立减持90万股 权益变动后持股比例为9.13%,1
强力输血*ST鹏起 万方系“卷土重来”？,1
强监管旋风不停！多地金融局公布融资租赁公司经营异常名单，行业过半公司或关闭,1
浅析海正药业终止20个在研项目,1
潜望｜闭店、收缩、转型…生鲜电商正被死亡缠绕,1
前收关注函后收监管函，勤上股份“故事多”！前三季度净利下滑高达98%,1
前三季大赚19亿，年底要计提资产减值准备11亿！这家公司高增长要打折？交易所：是否去年计提不足？,1
前海天玑财富折戟“海航基础”，13.85亿私募基金疑陷危机，恐波及上市股东“刚泰控股”和“宝鹰股份”,0
前高管闪电跳槽小米 联想回应：与高管均签有竞业禁止条款,0
前11月汽车制造业利润总额同比下降13.9%,1
仟源医药(300254.SZ)：张振标累计减持172.51万股 减持计划提前实施完毕,0
千亿汽车销售帝国的黄昏：庞庆华不认输！押全部身家最后一赌,1
千山药机有多惨！签个合同都遭交易所问询,0
千山药机收深交所关注函 被要求说明是否信息披露滞后,0
千山药机收深交所关注函,0
千方科技(002373.SZ)拟对无法收回的应收账款和其他应收款719.43万元进行清理核销,1
汽车行业进入深度调整期，经销商如何在冬天也能高歌猛进,1
起于消费升级 败于消费升级 “内衣第一股”都市丽人沦为仙股,1
启迪国际(00872)预期2019年亏损同比将扩大,0
企业破产潮骤至 2019动力电池行业的真实写照?,1
企业破产潮骤至 2019动力电池行业的真实写照?,1
"其士国际(00025.HK)作价4,202万美元出售安老院舍物业",0
"其士国际(00025.HK)作价4,202万美元出售安老院舍物业",1
普莱医药：国内首个进入临床研究的抗菌肽，钻研高效、低毒副作用的抗菌肽药物,0
普邦股份(002663.SZ)：两名董事、高管拟合计减持不超171.58万股,0
培力控股(01498.HK)拟「二供一」筹逾亿元复牌挫逾两成,0
泡沫过后 电子烟入局者们仍然前路险峻,0
盘点2019年银行业被开千张罚单！谁是年度“罚单王”？,0
盘点2019 | 地产行业的九大关键词,1
欧瑞欣合副总经理朱亚林辞职 不持有公司股份,1
欧普康视(300595.SZ)：欧普民生累计减持184.315万股,0
欧盟最严汽车碳排管控将至 消费者不买电动车的账,1
欧盟最严汽车碳排管控将至 消费者不买电动车的账,1
欧美银行业近四年最大规模裁员 总计划裁员人数逼近8万,1
欧比特(300053.SZ)：3名董监高合计减持382.25万股 减持数量均已过半,0
诺泰生物因未及时披露重组事项遭自律监管,1
诺普信(002215.SZ)：融信南方累计减持1414.59万股 减持数量过半,0
诺普信(002215.SZ)：融信南方累计减持1414.59万股 减持数量过半,1
诺力股份(603611.SH)：丁晟解质300万股及质押482万股 丁毅质押620万股,1
农业农村部：目前猪肉批发价较11月价格高峰下降18.15%,1
农业农村部：目前猪肉批发价较11月价格高峰下降18.15%,1
镍资源国际正积极寻求债务重组计划替代方案,0
年终盘点|2019农资行业十大并购整合事件！撤退如潮,1
年终盘点：2019年，这些光伏企业“嫁身”国资,0
年终盘点：2019年，这些光伏企业“嫁身”国资,1
年终盘点 | 2019鞋行业关键词TOP6：亏损、退市、破产、被调查,1
年内逾50家银行机构涉房贷款违规被罚 处罚金额合计超千万,1
年末网购狂欢节问题层出不穷,1
年底爆雷！利润虚增14亿，还牵涉京东方，昊华能源一字跌停！公司最新回应来了......,1
年底“爆雷”太突然！公司股价一字板跌停，创5年来新低！,1
年报信披延迟 绿博低碳被纪律处分和自律监管,0
年报将“反转”？ 东航子公司加速混改奔上市,1
逆势做空股市 克拉克的对冲基金去年暴跌35%,0
你买的羊绒衫真是羊绒吗？消协测了60件……,0
拟向同一接盘方出售两子公司股权，广东甘化收关注函,1
拟10转10派20，拉卡拉二连板，盘前收深交所关注函,1
南通规定严重失信经纪服务人员将被限制从业,0
南宁共享单车屡遭未成年人破坏 律师：家长应赔偿,0
南京证券前副总裁黄锡成加盟基石资本,0
南京市市场监督管理局：7批次食品不合格,0
南京高价地博弈限价政策 地王项目疑似被约谈,1
南方能源3矿暂停经营 重大不利影响年度业绩表现,0
南方能源3矿暂停经营 重大不利影响年度业绩表现,1
南方汇通：副总经理许国畔壬辞职,1
南北两大旅游目的地掀监管风暴,0
募集资金使用违规等，证大文化及相关责任主体被自律监管,0
莫让众筹 变众愁,1
摩诘创新总经理段峰辞职 不持有公司股份,1
明阳智能为全资子公司明阳新能源科技申请不超过4000万元资金提供担保,0
明阳智能为全资子公司明阳新能源科技申请不超过4000万元资金提供担保,1
秒跌停！38万手筹码疯狂出逃！曾在万科赚上百亿 姚老板又看上TA了,1
面向2020年 河北钢铁业路在何方？,1
面对疾风吧 业绩开门黑考验“茅粉”持股能力,0
面对疾风吧 业绩开门黑考验“茅粉”持股能力,1
梦东方(00593.HK)委任周金为执行董事,0
梦东方（00593）周政辞任行政总裁 周金接任,0
美药管局暂时禁售部分香味电子烟,0
美牙速成班抹除招牌被曝后 仍在靠噱头招生,0
美图曾比肩腾讯，如今艰难求存，颜值经济还能美多久？,0
美年健康与爱康国宾商业秘密、计算机软件著作权案一审宣判,0
美年健康与爱康国宾商业秘密、计算机软件著作权案一审宣判,1
美联楼价指数按周跌约0.58% 连跌五星期,1
美丽生态并不“美” 信披问题一大堆正遭股民索赔,0
美丽生态并不“美” 信披问题一大堆正遭股民索赔,1
美国食品药品管理局（FDA）就一些调味电子烟产品发布禁令,0
美国时尚零售一泻千里！Forever 21关350家Gap关230家,1
美国假日季消费：线上强劲 实体冷清,1
美国：车市持续低迷,0
每月产量仅几十辆，有经销商称力帆汽车川渝4S店关停,0
每月产量仅几十辆，有经销商称力帆汽车川渝4S店关停,1
煤市头条：沿海动力煤询货增加货源不足 ！年底炼焦煤煤矿停产数量增多,1
煤老板背锅？500亿“民电巨头”评级N次遭下调，20亿债券咋还？,0
煤电前路：冬已去，春未来？,1
煤电前路：冬已去，春未来？,1
没有只涨不跌的房价，也没有只升不降的房租,1
茂业商业因对外借款未按期收回事项遭上交所问询,0
茂业商业因对外借款未按期收回事项遭上交所问询,1
茂业商业回应上交所质询 其子公司对外提供4亿借款到期仍未偿还,0
茂业国际(00848.HK)附属授出之4亿人币借款未获偿还,0
茂业国际(00848.HK)附属授出之4亿人币借款未获偿还,1
茅台预告增长放缓 股价大跌,0
茅台预告增长放缓 股价大跌,1
茅台业绩增速不达预期，股价大跌，成交额创新高,1
茅台业绩大降速 市值一夜蒸发665亿,0
茅台四季度净利罕见下滑！李保芳喊话：长期保持30%左右的增速 不理性不现实,0
茅台去年净利增速不及机构预期 股价跌破1100元/股,0
茅台开年大跌，市值蒸发660亿,0
茅台假酒产业链：2700元飞天茅台的酒瓶装70元王子酒,0
茅台股价创3个月来新低！跌破1100元关口！机构们都这么说,0
茅台跌落神坛？连续两日大跌，市值蒸发超1200亿，原因在这里,0
茅台(600519.SH)两日大跌近8%，市值蒸发逾1200亿元，会是机会吗？,0
马来西亚对从中国与韩国等国进口的铁和非合金钢冷轧板卷征收反倾销税,1
绿茵生态股东国信弘盛拟减持208万股 占其所持25%,1
绿茵生态股东国信弘盛拟减持1%股权,1
绿地控股(600606.SH)第一大股东解除质押4.46亿股,0
绿地大股东4.46亿股份解除质押 占公司总股本比例3.66%,0
绿城中国业绩与品质双双大降 地产界“苹果”盛名难副,1
绿城中国(03900.HK)向关连项目公司提供最多1.58亿人币贷款,1
绿城“换挡”提速：中交系“换血”管理层，拿地激增113%，新增货值2000亿,0
绿城“换挡”提速：中交系“换血”管理层，拿地激增113%，新增货值2000亿,0
栾秀菊因退休辞任中国食品董事总经理，庆立军接任,1
路通视信股东解除一致行动关系 实控人原“盟友”齐推减持计划,0
路通视信(300555.SZ)多名股东拟合计减持不逾10.36%股份,0
路劲常州两楼盘接连遭遇维权 减配潮下律师提醒业主注意保留证据,1
楼市打响收官之战 上海地王陷入“进退两难”,0
龙翔电气分管运营的副总经理张娜辞职 持有公司0.59%股份,1
龙净环保：控股股东质押2330万股 累计质押占总股本15.57%,0
龙净环保(600388.SH)控股股东补充质押2330股,0
六问宝能收购长安PSA,0
六个核桃为什么成不了可口可乐？,1
柳传志刚退休，雷军就搞事！挖走联想"最懂手机"的男人，更有激烈"碰瓷"…,0
流拍资产获国资“兜底”承诺 *ST盐湖重整有望加速推进,1
零跑汽车 造车四年 亏损严重 销量不及,1
羚锐制药：高管拟在6个月内减持不超过公司总股本0.01%的公司股份,0
灵康药业(603669.SH)：股东陶灵刚减持时间过半 累计减持319.27万股,0
林达控股(01041.HK)终止出售新汇银全部股份,0
两日暴跌近10%，股价失守1100，贵州茅台在主动进行“预期管理”？,0
联想手机主帅竟去小米 背后竞业协议惹争议,1
联想手机“联想”不到未来,0
联想回应常程跳槽小米：所有高管均签有竞业禁止条款,0
联想回应常程跳槽小米：所有高管均签有竞业禁止条款,1
联想回应常程离职:所有高管均签有竞业禁止条款,1
联想回应“常程跳槽小米”：签有竞业禁止条款，小米称：没有竞业条款,0
联想高管加入小米，曾疯狂“碰瓷”小米，如今被雷军“收服”！,1
联想常程跳槽小米，“好戏”不断,1
联想“失常”：3年更换4位手机业务负责人 核心缺陷始终无解,1
联创股份全资子公司上海激创因合同纠纷涉诉 支付原告服务费689.70万元,0
联创股份(300343.SZ)高管王宪东拟减持不超26.17万股,0
连续两年更换审计机构 *ST新海遭盘问,0
连年亏损，酒鬼酒，爱“闹鬼”,1
连跌两日！贵州茅台超1200亿市值蒸发，券商：茅台酒仍有继续提价能力,0
立信会计所吃警示函 执业高鸿股份项目中存两项违规,1
历史遗留问题或仍影响青岛中程,0
历史遗留问题或仍影响青岛中程,1
力诺系资本沉浮,0
力诺系资本沉浮,1
李子柒"带货“星期六暴涨 李子柒真的救得了星期六嘛？,1
李子柒"带货“，星期六暴涨，谁来高位给网红站岗？,1
离职潮再起 房企职业经理人未来在哪,1
雷军卸任金山系公司执行董事 后者旗下一公司增资至5000万,0
勒泰集团温嘉明辞任独立非执董 公司正物色合适人选,1
乐透互娱主席潘正明辞任 由张静接任,0
乐透互娱(08198.HK)委任张静为董事会主席,0
乐透互娱(08198.HK)董事会主席变动,0
乐视网遭深交所纪律处分！1月8日上午将开致歉会,0
乐视网遭深交所公开谴责处分 贾跃亭被禁止担任上市公司要职,0
乐视网遭深交所公开谴责处分 贾跃亭被禁止担任上市公司要职,1
乐视网遭深交所公开谴责 涉及贾跃亭非法占用资金和违规,0
乐视网遭深交所公开谴责 存在控股股东关联方资金占用等六大问题,0
乐视网因违规担保等遭深交所公开谴责,0
乐视网因违规担保等遭深交所公开谴责,1
乐视网被深交所公开谴责：涉违规担保等问题，将开线上致歉会,1
乐视网被深交所公开谴责,0
乐视网被深交所公开谴责,1
乐视网/贾跃亭遭公开谴责：终身不能担任上市公司高管,0
乐视网/贾跃亭遭公开谴责：终身不能担任上市公司高管,1
老牌电力设备制造商长高集团被国家电网拉黑 中标全靠贿赂打高分？,1
朗迪集团：陈赛球减持期届满 累计减持2.39万股,0
朗博科技3位高管拟减持公司股份,1
兰州布病原因查明，超标排放药厂应该承担多大的责任？,1
兰州布病事件后续：当地政府组织中牧股份兰州厂周边居民排查布病感染,1
兰太实业与客户对账相差188万报案 员工：按约买材料,0
莱美药业实控人拟委托表决权 中恒集团有望入主,0
莱美药业实控人拟委托22.7%表决权 中恒集团还将计划增持13.5亿元,0
拉卡拉因“高送转”预案收关注函 深交所：是否存在股价炒作？,1
拉卡拉拟10转10派20 深交所：是否存炒作股价情形,1
拉卡拉回复深交所高送转预案是否合理,0
拉卡拉股票行情：高送转收关注函 或涉嫌炒作股价,1
拉卡拉高送转预案收关注函，要求说明是否存在炒作股价情形,1
拉卡拉称仅为易分期、房快贷合作推广方：不承担运营责任,0
拉卡拉称仅为易分期、房快贷合作推广方：不承担运营责任,1
拉卡拉8亿高送转股价二连板 深交所下发关注函,1
拉卡拉“高送转”收关注函：是否涉嫌炒作股价,1
葵花药业：副总经理、财务负责人张延辉先生辞职 李金明先生接任,0
亏本的托管与高昂的融资，华发“掏空”华发？,0
快讯：减持个股竞价表现,0
跨年夜 “爆雷” 基金和股民懵了!,0
库克“硬刚”移动，iPhone不想要中国市场了？网友：再见了苹果,1
控股股东欲转让股权 康跃科技或被资本入局,1
控股股东将易主 博汇纸业迎实控人变更,0
控股股东将易主 博汇纸业迎实控人变更,1
控股股东股权冻结波及上市公司 爱康科技被列入信用等级观察名单,0
科创新源第8大股东丁承拟清仓减持不超266万股,0
靠档计息定存产品被叫停，银行吸储“利器”没了,1
康跃科技拟向战略投资者转让股份,1
康跃科技拟向战略投资者转让25%,1
康跃科技控股股东拟大手笔转让股权，或涉公司控制权变更,1
康跃科技或将易主，业绩不佳控股股东转让股权,1
康强电子母公司电镀车间发生火灾 系员工操作不当,1
康强电子：母公司电镀车间发生火灾事故,1
康强电子(002119.SZ)：母公司电镀车间因员工操作不当引发火灾事故,1
康恩贝：唯一销售过十亿产品出医保 研发不够投资凑,0
康达尔两宗土地获延期动工，记者走访：三期地块打地基,0
恺英网络卷入传奇IP纷争 被索赔76.6亿股价应声跌停,0
凯众股份(603037.SH)：聚磊投资完成减持2%股份,0
凯撒旅业(000796.SZ)：海航旅游质押的股份展期 涉及8065.0045万股,1
开元物业收到终止上市审查通知书,0
开元物业收到终止上市审查通知书,1
开眼界！这家上市公司印章失控！盘点2019年A股公司的奇葩事,1
开年第一单！云南前首富赵兴龙被罚款2200万元！,0
开能健康(300272.SZ)：袁学伟累计减持8.53万股 减持计划已完成,0
开滦股份：为子公司唐山中浩公司提供担保,0
君正集团终止部分募投项目 12亿募集资金用于补血,0
君正集团终止部分募投项目 12亿募集资金用于补血,1
聚力文化回复问询函：已补办公司和文娱板块子公司印章,1
巨亏10亿元，“中国版维密”惨变1元股！内衣上市公司的冬天有点难熬,1
居然之家商家跑路 经理辱骂媒体 拒绝承担责任,1
狙击南宁百货背后 8年来宝能系“进出”上市公司超120家,1
救急加救命：2020房企继续折价上市,1
酒姿势：掀开甜蜜素的红盖头,1
酒鬼酒甜蜜素事件发酵 举报人：工作人员企图销毁证据,1
酒鬼酒近三年产品抽检合格 但“甜蜜素事件”尚未终结 ？,0
酒鬼酒风波未完，江西这3批次酒产品检出了违禁甜蜜素！含糯米酒,0
酒鬼酒被举报添加甜蜜素之谜：就是没人去检测那批“问题酒”,1
久日新材仍处于“破发”状态 上市后股价下挫19次最高日跌幅6.5%,1
九洲电气(300040.SZ)：实控人质押1500万股及解押1792万股,1
九极生物9千万“贱卖”：欲打造“第二个无限极”梦想破灭,0
竞争对手或成实控人 博汇纸业遭上交所闪电问询,0
竞争对手或成实控人 博汇纸业遭上交所闪电问询,1
净利润加速下滑 翔港科技能否靠化妆品扭转颓势,1
净利润大跌门店数量骤降，周黑鸭无奈开放加盟可否“逆袭”？,1
净利率未达5%负债率已破60% 华为概念加持东山精密实控人套现忙,1
警惕！40亿假承兑汇票流出！行业“讨债大战”集中爆发！,0
警惕！40亿假承兑汇票流出！行业“讨债大战”集中爆发！,1
晶瑞股份总经理吴天舒辞职 持股市值为13129.49万元,1
经营异常融资租赁公司发布 上海共计290家,1
京博物流取消一投资计划 今年业绩已大幅下滑,1
劲胜智能(300083.SZ)股东冯建华拟减持不超1%股份,0
近12亿应收保理款已逾期 *ST中科将3.5亿贷款本息债务转让,1
进口车车主注意！年底最后一波召回，有14款车会被报废,0
金圆股份：控股股东质押1000万股 累计质押占总股本22.43%,1
金鹰股份：控股股东质押1100万股 累计质押占总股本30.03%,1
金鹰股份(600232.SH)控股股东质押1100万股,1
金融租赁承租人违约数量猛涨背后,1
金融租赁承租人违约数量猛涨背后,1
金融租赁承租人违约数量猛涨背后,1
金莱特延期回复深交所关注函,0
金鸿控股遭“举牌”未披露 或涉信披违规,0
金鸿控股遭“举牌”未披露 或涉信披违规,1
金辰股份毛利率三连降 募投项目疑点多两次被问询,0
金辰股份毛利率三连降 募投项目疑点多两次被问询,1
金百万停业风波背后：一边关店一边开新店，上市不到两年终止挂牌,1
今年新能源车市骤然降温 明年冷风继续吹？,0
借壳上市？ST亚星拟收购科源制药、宏济堂100%股份 可能构成重组上市,1
借壳ST亚星 济南最大民企力诺集团进击资本市场,1
界龙实业：18起证券虚假陈述纠纷撤诉 累计金额250万,1
捷成股份(300182.SZ)：珠海节睿累计减持1287.48万股 减持数量已过半,0
交通银行前3季信用减值损失369亿 安徽分行又遭举报,0
交通银行前3季信用减值损失369亿 安徽分行又遭举报,1
江苏国信(002608.SZ)：约23.58亿股限售股1月6日解禁,0
健合集团存货18亿同比增三成 罗飞200亿目标年增26%被指空谈,1
建设银行海南违法遭罚70万,0
建科机械四度IPO终过会：政府补贴超两成，销售费用率高企,0
建材家居破局 切勿盲目转型跟风,0
监管回复钱端投资人：招商银行与钱端合作业务未向监管申请或备案,1
艰难求生！农商行不良率屡“爆表” 个别超20%,1
坚瑞沃能重整计划获批准 30日开市起复牌,1
坚瑞沃能重整计划获批通过 拟通过转增股份解决债务危机,1
坚瑞沃能今日复牌 重整计划获西安中院批准,1
坚瑞沃能：法院裁定批准公司重整计划 30日复牌,1
坚瑞沃能(300116.SZ)：沃特玛的公章、印鉴、证照及工商底档等资料的交接工作已完成 公司已不再控制沃特玛,1
假日气氛浓 二手成交淡,1
假日气氛浓 二手成交淡,1
假回购真减持？齐家网高管合计套现超5700万港元,0
贾跃亭遭到公开谴责 终身不适合担任上市公司董监高,0
嘉兴南湖：19家印染厂限期关停 全面淘汰 最迟2020年11月30日,0
嘉定宝龙广场 三年深套多少业主,0
家用摄像头变偷拍器 私密视频网上卖,1
家居建材广告语有名无实 市民选购勿轻信,1
加加食品：总经理变更,0
济南首富高元坤归来 力诺系再闯资本市场,0
济南首富高元坤归来 力诺系再闯资本市场,1
集体用地建住宅并未全面禁止 租赁房共产房皆是方向,1
集泰股份(002909.SZ)：安泰化学质押802万股,0
吉林省市场监督管理厅关于15批次食品不合格情况的通告（2019年第53期）,1
吉林省市场监督管理厅关于15批次食品不合格情况的通告（2019年第53期）,1
吉林森工股份被拍卖 竞拍牛人账面月盈利超2000万,1
吉林森工15亿资产回售一年半未完成 控股股东屡抛资产被疑转嫁债务危机,1
机器人：董事、高级副总裁王宏玉同志辞职,0
霍普金斯财务负责人李秀洁辞职 不持有公司股份,1
活久见！神州优车在工位宣读裁员：单方面解除劳动关系 不服找仲裁委,1
浑身是雷的暴风集团再添一根“稻草”：拖欠机房服务器费用被终止服务，上午股价跌逾3%,0
"惠陶集团(08238.HK)指北京众乐仍未偿付1,000万元之背对背贷款",1
惠发食品闪崩跌停 前三季净利亏损4000万同比降300%,0
惠发食品盘中闪崩跌停，从12月以来股价涨幅高达127％,0
惠发食品股价盘中闪崩跌停 股东减持“套现”逃离,0
惠发食品股价翻倍后今日跌停 董秘回应：与公司经营无关联,0
会计政策使用不当导致年报数据错误 润和软件遭监管责令改正,1
回望车市2019：寒冬中看到变革的萌芽,0
回望2019年：广电行业，我太难了！,0
回望2019，问道2020 | 重整山河再出发，江淮汽车的2019与2020,0
煌上煌：子公司排放污水总磷浓度超标被罚100万元,0
黄奇帆：中国地产大趋势，开发商数量会大幅度下降！,1
黄奇帆：中国地产大趋势，开发商数量会大幅度下降！,1
环旭电子市值7天蒸发108亿 31亿诡异并购标的业绩离奇大增,1
"环球数码创意(08271.HK)被法院判赔逾4,547万人币",0
环球数码创意(08271)：法院判广东文化产业园支付场地和物业使用费及利息损失共计4547万,0
华正新材：股东钱海平拟清仓减持不超5.57%,0
华正新材：股东拟减持不超5.57%股份,0
华正新材：持股5.57%的股东钱海平拟清仓减持,0
华正新材：持股5%以上股东拟减持不超过721万股 占比5.57％,0
华正新材(603186.SH)股东钱海平拟减持不超5.57%股份,0
华源控股(002787.SZ)：实控人之一李志聪解除质押825万股,0
华谊依旧钱紧！申请银行综合授信4亿，子公司904万卖股权,0
华谊兄弟实控人累计质押93%股份 前三季度营收同比腰斩净亏6.5亿,1
华谊兄弟：股东质押1250万股 累计质押占总股本20.53%,0
华谊嘉信：控股股东所持股份解除冻结,0
华夏银行天津2宗违法遭罚100万 违规发放流动资金贷款,0
华西证券：蜀电投资拟通过集中竞价方式减持不超过1120.42万股,1
华铁股份：公告就是最大的避雷针！,1
华泰证券GDR在伦敦跌1.12%,0
华泰证券GDR盘中大跌11% 创去年6月上市以来最大跌幅,0
华泰证券GDR盘中大跌11% 创去年6月上市以来最大跌幅,1
华人置业：2019年度持有恒大股份未变现亏损约16亿港元,0
华林证券遭罚 私募子公司合规负责人在母公司办公,0
华林证券：证监会决定对公司采取限制新增各项业务规模3个月的行政监管措施,0
华林证券：证监会决定对公司采取行政监管措施,0
花式揽储背后的困局,0
户外运动品牌“哥仑步”破产 曾与探路者齐名,0
湖南省市场监管局近期还将公布近3年全省白酒抽样结果,1
宏创控股(002379.SZ)：于荣强累计减持2202.12万股 持股降至5%以下,0
红阳能源(600758.SH)：5.35亿股限售股1月10日解禁,0
恒逸石化(000703.SZ)：5007.8264万股限售股将解禁,0
恒邦股份股东户数一个月减少2365户 目前降至76650户,1
黑天鹅再现！这家公司一纸公告割11亿资产，年度净利将大幅缩水,1
黑车用“打表软件”计价 3公里收92元,1
核心子公司没钱发工资，债务重组方自身难保，*ST鹏起无“鹏”再起,1
核心子公司没钱发工资 债务重组方自身难保 *ST鹏起无“鹏”再起,1
河长制已实施两年多 郑州索须河这段河流仍然很“脏”,0
和晶科技实控人与二股东正在筹划股权转让事项 可能涉及控制权变更,1
和晶科技控股股东转让股权 第二大股东荆州慧和成新任控股股东,1
和晶科技控股股东、实控人拟筹划控制权变更,1
和晶科技二股东拟受让实控人股份 荆州慧和或将“上位”控股股东,1
和晶科技并购踩雷寄望幼教产业 陈柏林筹划让位战略投资者,0
和晶科技并购踩雷寄望幼教产业 陈柏林筹划让位战略投资者,1
和晶科技：控股股东拟转让6.57%股份给第二大股东 控股股东或将变更,1
和晶科技：控股股东股份转让可能涉及公司控制权变更,1
和晶科技：第二大股东拟受让实控人所持6.57%股份 将成控股股东,1
和晶科技(300279.SZ)：二股东拟受让实控人6.57%股份 将入主,1
合资下探攻10-15万元市场 自主新车扎堆守市场份额,1
合生创展太仓项目遭通报 人防工程墙板验收出五问题,1
禾信仪器挂牌科创板够格吗？,1
皓文控股(08019.HK)委任翟志胜为秘书及授权代表,0
浩明科技拟A股IPO，存存货余额较大风险,1
浩瀚股份财务负责人刘锋辞职 不持有公司股份,1
昊华能源自曝大雷 或虚增资产28亿元,1
昊华能源自查发现虚增资产,1
昊华能源自查发现虚增28亿元资产 涉及与京东方并购交易,1
昊华能源一字板跌停,1
昊华能源虚增14亿净利挖坑自埋，收购标的对外出售前后评估相差悬殊大有玄机,1
昊华能源虚增14亿或引发投资者索赔,1
昊华能源开盘跌停 2015年虚增净利约14亿元,1
昊华能源跌停：自爆利润虚增14亿,1
昊华能源：正在自查 投资者赔偿或在后续出方案,1
号外|负债780亿！解密红星美凯龙的地产版图,1
号称奶酪第一股的妙可蓝多，2.4亿资金被实控人丈夫和女儿占用，柴L无视财务规定！,0
号称奶酪第一股的妙可蓝多，2.4亿资金被实控人丈夫和女儿占用，柴L无视财务规定！,1
豪赚150倍！海康威视再造“股神”，最后10亿也要兑现，未来何去何从？,0
豪赚150倍！海康威视再造“股神”，最后10亿也要兑现，未来何去何从？,1
豪车销量逆势增长：最多优惠12万，经销商称“赔本赚吆喝”,1
杭州互金大佬自首：涉案13亿，侵犯林心如夫妇肖像权，曾是支付宝创始人之一,1
杭摩集团股东减持185万股 权益变动后持股比例为20%,1
行业快速扩张 加速洗牌,1
行业不能承受的展会之重,1
行业不能承受的展会之重,1
汉鼎宇佑股东江苏联峰减持639万股 持股比例降至4.999986%,0
寒锐钴业(300618.SZ)：江苏汉唐累计减持289.48万股,0
寒冬中汽车零部件企业的冰与火,1
寒冬将尽：文娱产业的2019与2020,1
寒冬将尽：文娱产业的2019与2020,1
海源复材：控股股东补充质押200万股 累计质押占总股本14.62%,0
海源复材(002529.SZ)：上银瑞金-吴国继拟减持不超520万股,0
海源复材(002529.SZ)：上银瑞金-吴国继拟减持不超520万股,1
海源复材(002529.SZ)：上银瑞金慧富15号拟减持不超520万股,0
海源复材(002529.SZ)：上银瑞金慧富15号拟减持不超520万股,1
海源复材(002529.SZ)：控股股东补充质押200万股,0
海油发展董事长霍健辞职 李新仲代履职,0
海油发展(600968.SH)：董事长霍健辞职,1
海通恒信国际租赁股份有限公司诉李豪杰、王金慧融资租赁合同纠纷一案,1
海特股份副总经理朱强炜辞职 不持有公司股份,1
海南控股或成中航三鑫第一大股东,0
海螺水泥被摩根大通减持234.76万股,1
海康威视一员工杭州总部跳楼身亡 公司:系自杀坠楼,1
海康威视通报一员工杭州总部跳楼身亡,1
海康威视通报称员工跳楼身亡为“抑郁自杀”，排除刑事案件,1
海康威视通报称员工跳楼:系自杀 初步怀疑为抑郁所致,1
海航控股：控股股东质押1.88亿股 累计质押占总股本23.29%,0
海航控股：大新华航空解除质押1.88亿股股份 并进行续作,0
果然跌停！这公司自爆虚增14亿净利，上交所紧急发问,1
国源科技股东李娜减持20万股 权益变动后持股比例为2%,1
国元证券(000728.SZ)：副总裁沈和付辞职,0
国营商场的隐秘诱惑，让姚振华重回狩猎场,1
国新能源：下属公司为其控股子公司国新中昊盛提供担保,0
国务院安委会开展对危险化学品领域的专项督查,1
国投向左，中煤向右：5座火电站抛售背后，两大央企相反的转型逻辑,1
国泰君安：海螺水泥目标价62.1港元 下调至收集评级,0
国内葡萄酒产区系列四|烟台：增长乏力 难破后劲不足僵局,0
国内电视市场尚未走出低谷 重压之下行业该如何变化？,1
国内10家大型冶炼厂酝酿联合减产，电解铜减产潮向大厂蔓延？,1
国民技术：年度业绩存不确定性 公司股票有被暂停上市风险,0
国脉科技：1277.6832万股限售股将解禁,0
国家药监局飞行检查 7家化妆品生产企业被限期整改,0
国家卫健委谈暴力伤医：严重刑事犯罪必将受到法律严惩,1
国际家居零售被PandanusAssociatesInc.减持36.7万股,0
国际家居零售被FIDELITYINVESTMENTTRUST减持11.1万股,1
国际货币基金组织：全球汽车行业的复苏“比想象中漫长”2020年继续迎来“逆风”,1
国电南瑞罗剑波不再担任副总经理职务 2018年年薪101.69万元,1
国产OLED面板不再沉默 中韩面板厂商对决战事初掀,0
郭广昌地产谋篇 豫园股份董事会洗牌复星系全面上位,1
郭炳江复出任新鸿基子公司董事 不参与集团日常营运,0
郭炳江出狱后重出江湖 任新地子公司资深董事,0
桂林旅游资产增5.8倍业绩原地踏步 子公司亏损甩卖3年无人问津,1
贵州银行上市首日破发,1
贵州银行上市首日即破发 茅台集团为其第二大股东,1
贵州银行港股上市首日开盘破发，茅台集团任二股东,1
贵州银行港股上市首日跌超7%，茅台集团为第二股东,1
贵州银行(6199.HK)首日上市破发,1
贵州茅台增速放缓，如不涨价后千亿时代承压,1
贵州茅台业绩增速放缓行业小幅下调今年增长目标,0
贵州茅台业绩增速放缓行业小幅下调今年增长目标,1
贵州茅台两天市值蒸发1347亿 超级白马股业绩过坎儿,0
贵州茅台开年“两连跌 ” 市值蒸发逾1300亿元,0
贵州茅台股价跌破1100元 业绩增速放缓 白酒板块拐点已至？,0
贵州茅台低开低走跌逾4%，跌破1100元/股关口,0
贵州茅台单日成交167亿创历史新高！市值一天蒸发667.8亿，天量成交折射多空巅峰对决,0
贵州茅台（600519.SH）市值蒸发近700亿元，因费用增加导致业绩不及预期？,0
贵州地产上市公司“独苗”中天金融“蛇吞象”风险发酵,1
贵研铂业(600459.SH)：控股股东与中国五矿终止深化合作 公司实控人未变更,1
广州富力被摩根大通减持约1502.27万股,0
广西曝光9批次不合格食品，检出质量指标、食品添加剂、兽药残留问题,1
广西曝光9批次不合格食品，检出质量指标、食品添加剂、兽药残留问题,1
广汽集团(02238-HK)被贝莱德减持2540.48万股,0
管通实业“撤离”新三板内情：卷入牙克石地方债漩涡 无力支付挂牌费,1
观察 | 2020年，汽车行业中上游面临“生死劫”,0
关于拟公告作废相关企业和分支机构快递业务经营许可的公示,0
股东减持+公告提示风险 特斯拉概念股威唐工业跌停,1
共享充电宝生死战,0
公章丢了 董事跑了 聚力文化董事辞职牵出信披违规,0
公司回购，高管减持！齐屹科技这是唱的哪一出？,0
公司厂房被查封，实控人被限制消费，弘峰智能被国融证券提示风险,1
工信部：去年首十一个月全国造纸及纸u品业利润总额按年跌10.7%,0
工信部：去年前11个月全国造纸及纸制品业利润总额同比降10.7%,0
工信部：2019年1至11月全国造纸及纸制品业利润总额同比下降10.7%,0
工位宣读裁员？神州优车:早已提供补偿方案 方式欠妥,1
工位宣读裁员？不服找仲裁？神州优车回应：方式欠妥,1
个别刚需盘受捧 北京楼市难改低迷,0
格林基金核心产品去年业绩倒数第一,0
格林基金核心产品去年业绩倒数第一,1
格力地产：2020年预计为下属公司新增担保额度约150亿元,0
革弊鼎新 银行业的2019,1
高斯贝尔收1404万政府补助 前三季度亏损2800万元,1
高盛：下调港资地产股盈利预测 维持新鸿基地产(00016)“买入”评级,1
高盛：推荐中芯国际多于瑞声 予中芯目标14.5元,0
高山企业(00616.HK)售中骏(01966.HK)持股 套近73万元,0
高盟新材(300200.SZ)：高盟投资累计减持266.63万股,0
高管被查现金流剧降 奥马电器再卖股权能走出泥潭？,1
高比例股权质押公司减少24% 深交所纾困工作取得阶段性成效,0
高比例股权质押公司减少24% 深交所纾困工作取得阶段性成效,1
港铁(00066.HK)澳门轻轨通车不足一个月　列车三度故障,1
港股异动 | 旗下生产线超期运行一年后停产改造 洛阳玻璃(01108)午后跌近5%,0
赣锋锂业被建信信托减持146.82万股,0
赣锋锂业被华夏基金减持146.82万股,1
富森美股东减持计划已到期,0
富森美(002818.SZ)：程良减持期届满 累计减持2000股,1
"富力失“力”,梦归何处?",0
富力地产公司为什么最近10年这么差呢?,1
富豪系公布多项股权变动及收购AMTD股权 今复牌,0
复星集团子公司项目被违规通报 董事长郭广昌却一直在疯狂买地？,1
复盘2019 A股十大妖股，你捉中了几只？,1
负债近200亿，昔日巨头破产落幕,1
负责人离职后立即加入小米手！联想手机路在何方？,0
负责人离职后立即加入小米手！联想手机路在何方？,1
福建阳光集团拟发3亿债券 上半年末有息负债超1335亿,1
福建国航副总经理王祖炎辞职 持有公司0.35%股份,1
福建福光股份有限公司 关于董事辞职的公告,1
福光股份遭遇业绩股价双“回撤” 公告称股东自愿延长限售锁定期,1
芙蓉街关帝庙等5家景区被摘A ！百里黄河风景区等5家景区降级,1
否认三连！威唐工业称未有特斯拉业务销售收入 六连板后今日跌停,1
佛山富力广场公寓虚假宣传!住房变办公 200多业主上当受骗!,1
风口调研丨电商直播新玩家入局 业内机构直言将有冲击效应,1
丰盛控股被BankofChinaGroupInvestmentLtd减持1240.75万股,0
分析人士：短期不锈钢价格仍将低迷,1
非法持有、私藏枪支 长沙银行党委委员孟钢被双开,0
飞天诚信(300386.SZ)副总经理于华章拟减持不超60.84万股,0
飞天诚信(300386.SZ)副总经理于华章拟减持不超60.84万股,1
飞利信(300287.SZ)：罗伟及许莉已合计减持200万股 减持计划完成,0
飞利信(300287.SZ)：罗伟及许莉已合计减持200万股 减持计划完成,1
飞乐音响重组杯水车薪 拟购标的盈利远不能覆盖公司亏损,1
纺织业：预计2020年行业盈利承压、尾部企业信用风险将上升,0
房企营销总的2019：365天开会冲业绩，每天缺乏安全感,0
房企四面楚歌：融资成本相差4倍，谁能熬过寒冬？,1
房价和房租，一个都不能炒,1
房地产行业研究：降准如期而至 地产融资难言松动,0
方大特钢一年内两次换帅，董事长汪春雷提前卸任转当总工,0
方大特钢汪春雷辞任董事长：上任5个月，燃爆事故后选举产生,1
方大特钢董事长辞职 雷骞国代行董事长,0
方大特钢董事长辞职 雷骞国代行董事长,1
方大特钢(600507.SH)：职工代表董事李红卫提前终止减持计划 累计减持6.49万股,0
方大炭素：公司董监高拟集中竞价减持不超过297.6112万股,0
方大炭素：多名董监高计划减持不超过公司总股本的0.1095%,0
方大炭素：董监高计划减持公司股份,0
方大炭素(600516.SH)：11名董监高拟减持合计不超297.61万股,0
犯污染环境罪 辉丰股份、子公司及相关负责人被罚逾900万,0
犯污染环境罪 辉丰股份、子公司及相关负责人被罚逾900万,1
发债押宝新品，香飘飘能否迎来“第二春”,1
二手房直降百万仍难出手，房租回到几年前，这座一线城市楼市有点“冷”,1
二手房直降百万仍难出手，房租回到几年前，这座一线城市楼市有点“冷”,1
二六三两次募资项目均预估失误 7.65亿投资二年亏1.29亿项目被终止,1
遏止青少年吸食 美政府宣布禁售大部分加味电子烟,0
多家信用卡疯狂降额、封卡！信用卡代还重灾区……,1
多家信用卡疯狂降额、封卡！信用卡代还重灾区……,1
多家上市房企披露成绩单 行业增速明显放缓,0
多家券商合规薄弱收罚单 新证券法压实“看门人”职责,1
多家铝基覆铜板公司集体上调报价 行业需求有望持续增长,1
多家公司陷入债务危机 动力电池企业如何过冬？,1
多家房地产企业公布2019年销售情况 业绩增速放缓,0
多地房产难出手 海正药业“瘦身”路漫漫,0
对付不良中介要用猛药治根,1
对APP侵犯用户隐私说不,0
独家|中金CEO毕明建将辞职 投行负责人黄朝晖接任,1
独家：银行最具吸引力吸储产品被叫停！将影响贷款业务成本,1
都市丽人断崖式亏损9.8亿，而她给出的转型计划并没有说服力,1
都市丽人2019预亏9.8亿 林志玲关晓彤也难以挽救昔日内衣一姐,0
动力电池装机量锐减 行业痛点难破,1
董事长失联、8名员工苦撑4年哥仑布最终宣布破产,0
董监高监守自盗，大股东瞒天过海，未名医药天降馅饼？,1
董高监联手欺瞒公司 未名医药大股东缺钱以物相抵,1
东旭系暴雷后：虚虚实实的国资收购能否让其迎来曙光？,1
东星医疗副总经理方安琪辞职 持有公司0.62%股份,1
东方航空(00670-HK)更换独立非执行董事及监事,0
丁祖昱回顾2019房企：失速、腰斩、刹车、重组,0
跌停！又跌停！昔日丨"中国最年轻富豪丨"凉了：突遭索赔77亿，40年净利赚不回！,1
电影《亲爱的新年好》出现大规模锁座现象，票房造假之霾何时散,1
电视开机率跌至30% 彩电厂商逐渐抽身泥潭,1
电视开机率跌至30% 彩电厂商逐渐抽身泥潭,1
电视广播(00511.HK)售股添变数 「壳王」陈国强续留任,0
电魂网络：员工持股计划股票出售完毕,0
第一大供应商负责人竟是关联方 三力制药被指隐瞒关联交易,0
第二批药品集采启动 多家上市公司优势品种面临降价,1
第二批药品集采启动 多家上市公司优势品种面临降价,1
第二批药品集采启动 多家上市公司优势品种面临降价,1
第二大股东失信拟“出走”，营收下滑、亏损加剧润生保险调整忙,1
地板企业环保之路迫在眉睫 绿色发展需落到实处,1
迪威迅连续2年亏损面临暂停上市 已采取3大措施并取得初步成效,1
低迷的不锈钢能迎来转机吗？,1
德系领先美系沉寂 法韩系逐渐边缘化 日系三大品牌后劲足逆势增长,0
德系领先美系沉寂 法韩系逐渐边缘化 日系三大品牌后劲足逆势增长,1
德威新材(300325.SZ)控股股东所持6500万股被司法拍卖完成过户,0
德隆股份董事长朱亮辞职 持有公司22.89%股份,1
德邦快递：加码科技降本增效显著 聚焦大件快递领域业绩可期,1
道恩股份(002838.SZ)：约2.7964亿股首发限售股将解禁,0
当“酱油第一股”不再“打酱油”,1
单方面解除劳动合同？神州优车：工作要讲究方式方法,1
单方面解除劳动合同?神州优车：HR自责 闭门自省,1
大胜达：独立董事郭永清先生辞职,0
大摩：嘉里建设表现欠缺催化剂 下调目标价及评级,1
大康农业(002505.SZ)控股股东解除质押1.4亿股,1
大基金减持，投资风向哪里吹,0
大幅关店、连亏6年，福建连锁龙头新华都，为何走到如此地步？,0
大额商誉减值拉响风险警报 众应互联业绩疑有水分,1
大变革来临，母婴店日均淘汰109家？,1
大变革来临，母婴店日均淘汰109家？,1
打七折还是卖不动 碧桂园多家楼盘南京陷入滞销困局,1
打击黑产刷量需形成社会合力,1
存漏水烫伤等安全隐患，美的、苏泊尔召回10.5万件电水壶,1
存大客户依赖风险 新三板昆山佰奥能否登陆创业板？,1
凑凑能否挑起呷哺火锅大梁？,0
从与日、韩三足鼎立到亏损、破产，台湾面板产业经历了什么？,1
从亿航上市，看无人机行业的隐忧,1
从新能源车销量霸榜到连续下滑，比亚迪怎么了？,1
从单品智能到智能生态 厨电智能化已箭在弦上,1
春秋电子(603890.SH)：海宁春秋拟减持不超2%股份,0
创新付费模式与用户体验如何平衡？,0
创维数字 高管减持后股价涨停,0
创维数字 高管减持后股价涨停,1
创建集团控股(01609.HK)：附属作价1元转让平创新能源68%股权,1
传Louis Vuitton拟关闭时代广场分店有指业主九龙仓置业(01997.HK)拒减租,0
除了颜值哪里都很一般 比亚迪宋MAX继续“跌跌不休”,0
持股超过5%未及时信披仍继续交易 中国宝安两股东被下发监管函,0
承包方相互揭发 中国铁建子公司员工姐夫受贿被曝光,1
诚益通(300430.SZ)：王健及戎兵合计减持28.45万股 减持计划实施完毕,0
成都茂业因对外借款未按期收回遭上交所问询,0
成本增、业绩降 汇安保险拟挥别新三板,0
成本增、业绩降 汇安保险拟挥别新三板,1
车市整体持续低迷 去年12月经销商库存预警指数仍超警戒线,0
车市下半年降幅收窄 春天还有多远,1
车市潜力严重“透支” 行业探寻发展契机,1
车市寒冬豪车销量却逆势增长 赔本赚吆喝非长久之计,1
车市寒冬，豪车销量却逆势增长！不少经销商喊“心累”，道出了原因……,1
炒房客"哭了"！北京房价真降了：首付跌没了！更有760万房产，挂牌两月骤降170万…,1
炒房客"哭了"！北京房价真降了：首付跌没了！更有760万房产，挂牌两月骤降170万…,1
超人的2019年：“踩雷”仙股、买进英国、捐资10亿,1
超级鸡周期或将终结，家禽业冰火两重天,1
超华科技支持诉讼案首批10名投资者二审胜诉,0
超华科技支持诉讼案首批10名投资者二审胜诉,1
超华科技支持诉讼案：10名投资者二审胜诉 成功获赔,0
超半数限竞房滞销 北京商品住宅库存创8年新高,0
超2亿元募资被银行强行划扣 豫金刚石：已聘请律师核查,0
超2亿元募资被银行强行划扣 豫金刚石：已聘请律师核查,1
常熟、吴江等地印染迎来"停产整治潮"！去库存遇上环保，纺织市场再次被掐住了“命脉”！,1
常程跳槽是否涉竞业协议 联想小米各执一词,0
常程前脚离职联想，后脚就火速加盟小米，你怎么看？,0
常程今日正式上岗：微博已开始卖力宣传小米，无视联想回应,0
常程今日正式上岗：微博已开始卖力宣传小米，无视联想回应,1
常程加盟小米，5G手机应用创新的开局,0
常程加盟小米 联想回应：签有竞业禁止条款,1
产品抽检不合格 山东孔圣电缆被停标4个月,0
曾与茅台深度“绑定”的贵州银行登陆港交所，首日开盘即跌1.21%,1
曾经全球知名的杀毒软件，如何成为了流氓软件,1
曾经的王者七匹狼，如今为何被男人“抛弃”？,1
藏格控股领罚单 投资者可起诉索赔,1
藏格控股财务造假违规占用资金被罚 股民可起诉索赔,1
财面儿|欧派家居董事谭钦兴拟减持不超过20万股,0
不再留恋煤炭“黄金十年” “煤都”义马寻找出路,1
不断被压缩的利润，汽修门店该怎么办？,0
博天环境遭遇“多事之秋”：挪用6500万募集资金无法按期归还,1
博敏电子：控股股东拟减持不超1.14%股份,0
博敏电子：持股11.44%的股东谢小梅拟减持不超过1.14%,0
博敏电子(603936.SH)实控人谢小梅拟减持不超1.14%股份,0
博汇纸业因重要事项未公告下午停牌 上午股价涨停,1
博汇纸业因重要事项未公告，12月30日午后停牌,1
博汇纸业：因重要事项未公告 12月30日午后停牌,1
博汇纸业：陈春福先生因个人原因申请辞去公司总经理的职务,0
博汇纸业(600966.SH)控股股东解除质押8518万股,0
亳州保和堂7品种来源不明 谁来追查？,0
剥离资产后负债压力仍高悬 传化智联驶入百慕大？,0
剥离资产后负债压力仍高悬 传化智联驶入百慕大？,1
丙烷脱氢制聚丙突遇寒冬 爆赚到亏所谓何般？,1
比音勒芬：持股7.50%的股东谢挺拟减持不超过2%,0
比音勒芬(002832.SZ)：谢挺拟减持不超2%的股份,0
比二十年前更加残酷！一批中国汽车企业正在生死存亡关头......,0
奔驰召回23次领衔 马自达“熄火”惹众怒 2019汽车召回九宗“最”,1
被一根钢圈“压垮”的中国“内衣第一股”,1
被给予警告并处以罚款 这几家银行违反了哪些规定？,0
被“萝卜章”坑掉百亿最终破产――2019年，A股退市之“*ST华业”,1
背负逾10亿对外担保，*ST中安获债务豁免股价涨停，交易所质疑合理性,0
背负三宗罪、遭证监会立案、秒变ST！被埋游资到底图啥？,1
背负3000亿元的补贴拖欠进入2020年，光伏、风电还要砥砺前行！,0
贝壳找房：2019年全国二手房成交创5年新低,0
北纬科技业绩预告大变脸 盈利变身亏损超2000万元,1
北京长租公寓要求房东降租,1
北京上海半数以上地王项目亏损，拿地就赚钱的时代要一去不回了？,0
北京二手房“寒冬”,1
北京出台快递业价格行为规则，这12条行为“不准”,1
悲观电池产业链之际，正是投资最佳入场时,1
悲观电池产业链之际，正是投资最佳入场时,1
暴风集团主要业务停顿 合作方风行面临优酷爱奇艺诉讼,0
暴风集团年报难产，主营业务仍停顿！2月底若未缴租金将无地办公,1
暴风集团连发两封公告：主营业务停顿、濒临退市,0
暴风集团:公司主营业务停顿 面临无业务收入来源风险,0
暴风集团:公司主营业务停顿 面临无业务收入来源风险,1
暴风集团(300431.SZ)：主要业务仍处停顿状态 面临无业务收入来源风险,0
暴跌超70%！"河南首富"的200亿商业帝国，瞬间崩塌,1
暴跌1200亿！一个"泸州老窖"没了，茅台出啥事了？,0
报告预计2020年全国房价下跌城市数量将多于上涨城市数量,1
报告：百强房企规模增长“失速”,0
宝泰隆：董事兼总裁马庆先生辞职,0
宝泰隆(601011.SH)：董事兼总裁马庆辞职,0
宝能接手长安PSA DS在华发展路向何方？,0
宝龙商业管理首挂开报9.5元 与招股价持平,1
傍上“网红经济”！黑芝麻录得四个涨停板背后，埋了多少雷？,1
棒杰股份(002634.SZ)：浙江点创累计减持300万股,1
邦讯技术股票可能被暂停上市的风险 已采取4大措施试图扭转经营困境,1
半数以上亏损――民营医院：在寒风中坚强活着,0
办公场所空置、财务涉嫌造假，15.75亿元被收购的翡翠教育为何失控,1
百信国际(00574.HK)：嘉宝仍正就尚未偿还债务进行磋商,0
白马户外媒体(00100.HK)预计年度业绩由盈转亏,1
白酒抽检不合格 甜蜜素怎就成了“主角”,1
白虹软件股东胡力和减持10万股 权益变动后持股比例为32.95%,1
白虹软件副总经理何勇辞职 不持有公司股份,1
把菜篮子装进手机有多难？,1
把菜篮子装进手机有多难？,1
巴西对浮法玻璃发起反倾销日落复审调查,0
巴西对瓷砖产品发起反倾销日落复审调查,1
奥特佳原实控人“萝卜章”案二审结束：奥特佳无需承担担保责任,1
奥思集团被股东黎燕玲减持168.6万股,0
奥瑞金：公司控股股东质押2184万股 累计质押占总股本24.54%,1
奥瑞金(002701.SZ)：控股股东上海原龙质押2184万股,1
奥普光电4亿收购光华微电子被否 东北证券项目滑铁卢,1
安信信托折戟地产,1
安信信托董家渡项目逾期 上百亿元兑付问题待解,1
安奈儿2019年获政府补贴超2000万元，但全年利润仍可能大幅下滑,0
安奈儿2019年获政府补贴超2000万元，但全年利润仍可能大幅下滑,1
安徽曝光5批次不合格食品，涉及微生物指标、农兽药残留,0
爱施德(002416.SZ)：控股股东补充质押1200万股,0
艾媒咨询：国内网络互助用户规模超2亿人约半数平台无实名制存风险隐患,1
UPS料假日购物旺季后退货量创纪录新高,1
TOP30上市房企11月销售金额排行：恒碧万融累计销售均超5000亿,1
ST盐湖资产包拍卖第五次流拍，青海新成立国资公司将接盘,0
ST盐湖资产包拍卖第五次流拍，青海新成立国资公司将接盘,1
ST亚星拟收购科源制药、宏济堂制药，力诺集团俩子公司将进入A股市场,1
ST亚星拟购科源制药及宏济堂 可能构成重组上市,1
ST亚星拟筹划重大资产重组停牌,1
ST亚星：拟购买科源制药100%股份及宏济堂100%股份，今起停牌,1
ST围海实控人牵涉违规担保 1.5亿大额存单到期无法赎回,0
ST围海实控人牵涉违规担保 1.5亿大额存单到期无法赎回,1
ST围海(002586.SZ)获悉公司新增部分被冻结银行账户,1
ST凯迪逾期债务超184亿元 近200个账户被冻结,0
ST华仪：卷入借贷纠纷一审败诉 涉案金额1.86亿,1
ST冠福：融资租赁纠纷达成和解 涉及金额2380万,0
ST板块表现疯狂 重庆股民有的抢到涨停有的资金遭腰斩,1
N鹰19转临停,0
IPO过会率提升+年终效应 上市申报热情高涨,1
A股迎来一大波解禁！韵达股东收益超2倍，申通只赚20%，差距啊,1
A股异动丨汉鼎宇佑大跌近7% 江苏联峰减持639万股 持股降至5%以下,0
A股异动 | 天龙光电跌停 被列入失信被执行人名单,1
A股“不倒翁”贵州茅台净利增速预降 李保芳：业绩增速放缓属正常,0
9个月8家“出事”生鲜电商怎么了,1
8批次家用燃气灶具被检出不合格，美乐、长城等上榜,0
8761万元罚单暴露汽车行业垄断顽疾,0
7年消失10个主业、三大支柱垮掉俩 北纬科技独木难支,1
7000元羊绒衫被查不合格，消协三招教你避免掉坑,0
65亿元重组事项被否 三峡水利：论证继续收购可行性,1
64家上市公司向两位前发审委员累积行贿1100万元！谁来问责行贿上市后业绩变脸？,0
4个月，优惠了3000元，长租公寓的房子租不出去了？,0
45家公司行贿发审委员孙小波近780万：江苏6家上市公司出了101万,0
45家公司行贿发审委员孙小波近780万：江苏6家上市公司出了101万,1
3C市场迎来 2020首次大考,0
30多城二手房价格一直跌，北京都连跌了5个月！背后真相是什么？,1
2200万？原云南首富“落马”！从军人成老赖，身价过亿还不起千万,0
21张罚单砸向银行业 信贷业务违规仍是高发区,0
21张罚单砸向银行业 信贷业务违规仍是高发区,0
21张罚单砸向银行业 信贷业务违规仍是高发区,1
2020医药代表将遭遇空前的专业化挑战,1
2020手机圈首战：联想“老兵”常程离职两天后入职小米，或违反竞业协议？,1
2020年国际原油价格恐难持续上行,1
2020年车市大猜想,0
2020年PP检修装置与损失量统计,0
2020年1月劳动争议开庭安排,1
2020年，中美航空旅行前景暗淡,1
2020：全球汽车市场逆风中等待破晓,0
2020，一家电子烟公司的意外死亡,0
2019纸业市场最后的"乱象"，废纸起起伏伏，白板纸、白卡纸要起飞了！,0
2019阵亡餐饮大盘点，内讧、吹牛、作死、山寨，各种死法占全了,0
2019上市公司十大新闻,1
2019全年票房642.66亿收官 盘一盘影视大佬立下的flag实现了多少,0
2019拍卖市场：持续下挫中的新变局,1
2019年最失意品牌 这十个“鸡肋”车企要凉凉?,0
2019年最失意品牌 这十个“鸡肋”车企要凉凉?,0
2019年最失意品牌 这十个“鸡肋”车企要凉凉?,1
2019年最失意的7大房企,0
2019年最悲情公司，花34亿引狼入室，如今公章都被偷了,1
2019年中国工程机械租赁行业市场分析：民营企业仍占据主流 并购重组活动活跃度低,0
2019年这么多轮胎企业被告,1
2019年预亏近10亿 都市丽人的转型阵痛,0
2019年预亏近10亿 都市丽人的转型阵痛,1
2019年影视融资仅29起不及去年1/4，影视股集体陷泥沼反而诱导资本回归“正位”,1
2019年影视融资仅29起不及去年1/4，影视股集体陷泥沼反而诱导资本回归“正位”,1
2019年银行裁员规模达四年来最大,0
2019年新能源车召回量锐减至3.33万辆,1
2019年新能源车召回：总量为去年的25%，完全是补贴退坡的功劳？,1
2019年新车销量或达2600万辆 同比下降7%,0
2019年十大房企反腐案：融创、万达、雅居乐上榜，接近40人涉案,0
2019年全球银行宣布裁员7.8万人，创2015年来最高水平,1
2019年房地产市场八大关键词,1
2019年房地产风云录：没有人想做老大了,1
2019年房地产风云录：没有人想做老大了,1
2019年度“最惨公司”：欠薪、撤资、退市与股价腰斩,1
2019年的影视圈：关停潮涌 撤档风波无碍爆款频出,1
2019年出局的那些明星AI企业,0
2019年乘用车召回673万辆“高田”成最大“元凶”,0
2019年超650万辆汽车被召回，谁才是最大“元凶”？,0
2019年IPO保荐承销费112亿：中信中金领跑 海通被否最多,0
2019年IPO保荐承销费112亿：中信中金领跑 海通被否最多,1
2019年45家长租公寓“爆雷” 新年度行业洗牌加剧,0
2019年4-11月印度CIL煤炭供应量下降9%,1
2019年4-11月印度CIL煤炭供应量下降9%,1
2019年12月我国汽车经销商库存预警指数为59%,0
2019年11月全球电动车售出17万台下滑26％,0
2019年11月份智利铜产量同比下降6.7%,0
2019港股“闪崩”惨案：雅高控股蒸发近450亿港元 刘德华曾买过它家大理石,0
2019港股“闪崩”惨案：雅高控股蒸发近450亿港元 刘德华曾买过它家大理石,1
2019的健身行业“太难了”,1
2019IPO保荐承销费112亿:中信中金领跑 海通被否最多,0
2019IPO保荐承销费112亿:中信中金领跑 海通被否最多,1
2019A股十大奇葩上市公司,1
2019，那些冬泳的影视公司可能无法再上岸了,1
2019，艰难的汽车业,1
2000亿银行股在解禁路上！紫金银行一度重挫逾7%,0
1天内2家P2P玛瑙湾和赚啦理财被立案,0
1天内2家P2P玛瑙湾和赚啦理财被立案,1
1批次内蒙宽粉铝残留量抽检不合格,1
150家电池企业出局！2019年大部分企业倒在这几个问题上！2020年千万警惕！,0
15.96万股民踩雷！国企爆出黑天鹅，计提11亿元资产减值,1
14亿钱端纠纷案终于盖棺论定？监管层的回复打脸招商银行,0
14亿钱端纠纷案终于盖棺论定？监管层的回复打脸招商银行,1
14天11个涨停板！跨年牛股诞生 谁在炒作网红星期六？,0
14天11个涨停板！跨年牛股诞生 谁在炒作网红星期六？,1
13.69亿股解禁 紫金银行上市一周年股价低开7.39%,0
13.69亿股解禁 紫金银行开盘跌逾7%,0
12月汽车经销商库存预警 连续两年超50%,0
12月机构调研331家公司,0
12月机构调研331家公司,1
12月，广州新房成交同比跌了近五成！卖最好的还是增城,0
11月香港二手公屋买卖宗数按月减半 创十四个月新低,0
11月核心城市房价继续下降 明年初小阳春或难再现,1
11亿资产大减值，新集能源又耍什么花招？,1
1-11月河南省生产原煤9703.4万吨 同比下降2.6%,1
1-11月河南省生产原煤9703.4万吨 同比下降2.6%,1
10亿元收购1.7亿元转手：宜通世纪向关联方出售子公司股权,1
103家化妆品企业检出问题，超八成质量管理有缺陷,1
【增减持】招金矿业(01818.HK)遭Black Rock减持93.65万股,1
【增减持】新奥能源(02688.HK)遭JP Morgan减持136.5万股,1
【增减持】青岛港(06198.HK)遭VALUE PARTNERS GROUP减持33万股,1
【增减持】海螺水泥(00914.HK)遭JP Morgan减持234万股,1
【增减持】赣锋锂业(01772.HK)遭中国邮政储蓄银行减持49.38万股,0
【增减持】奥思集团(01161.HK)遭黎燕玲减持168.6万股,0
【头条】国废价格全线回落，太仓玖龙、浙江山鹰等多家大厂参与下调,0
【深度】裁员、禁售、产量骤减，2019年电子烟从天堂掉入地狱,1
【深度】裁员、禁售、产量骤减，2019年电子烟从天堂掉入地狱,1
【监管】沪抽查121批次服装，这13批次不合格,0
【行政监管措施】江苏证监局关于对周红卫、姚宁采取出具警示函措施的决定,0
【行政监管措施】关于对李杨采取出具警示函措施的决定,0
【反思】那些倒在2019年的快递和物流，都做错了什么？,1
【读财报】银行新股破发“隐情”：政策倒逼，全球银行股同现破净潮,1
【独家】前城股份向银监会举报 力高集团合肥公司被指涉嫌骗贷,1
「公司」华正新材：股东钱海平拟清仓减持不超5.57%,0
《新股表现》贵州银行(06199.HK)收2.3元低上市价7.3%每手账面蚀180元,1
《庆余年》全集泄露，网友9成看盗版，仅2成愿续VIP,1
《庆余年》频现“黑天鹅” 保护知识产权道阻且长,0
《庆余年》风波凸显视频平台盈利困境,1
《庆余年》盗版路线图：5-17元看全集，发展“下线”能获提成？,0
《大行报告》瑞信下调锦欣生殖(01951.HK)目标价至14.88元维持「跑赢大市」评级,0
《半个喜剧》10天票房1.25亿，昔日“话剧第一股”开心麻花依旧“水逆”？,1
“影视寒冬”来了？大家正好冷静一下,1
“影视寒冬”来了？大家正好冷静一下,1
“影视寒冬”或是好片的福音,0
“万瓷王”常程空降小米 前东家联想回应不确定是否追责,0
“跳楼价”出售子公司晨之科 中文在线二次元布局黄粱一梦？,0
“甜蜜素事件”尚未终结 酒鬼酒闹“鬼”,1
“上广合作”，龙头企业抱团取暖能否抗寒？,0
“内衣第一股”都市丽人2019年预亏近10亿 甩掉包袱的都市丽人能否转型成功？,0
“奶茶焦虑症”能治好吗？,1
“盲盒”火爆背后：应否加强监管存争议,0
“靓号”不是携号转网“挡箭牌”,1
“快慢之道”蜕变稳健前行 何小鹏：寒冬不可怕，春天并不远,1
“黄牛”高价倒票遭吐槽 演出票数字化将成趋势,0
“坏没坏都得重装” ？幼儿园监控设备安装政策引质疑，教育局回应,1
“寒冬”之后 影视青年的“春天”在哪里,1
“地王”处境尴尬 房企生存模式重塑,0
“惨惨惨，亏过禽流感！”鸡价“一好遮百丑”下的隐忧！,0
“保壳”关键期 *ST新海再次更换会计师事务所,0
“保壳”关键期 *ST新海再次更换会计师事务所,1
“保健品不是药物”警示语去哪儿了,0
[公司]康强电子母公司电镀车间发生火灾 直接财产损失近千万元,1
*ST游久拟卖房卖股保壳 俩救星竟是“邻居”,1
*ST尤夫收回2.79亿业绩补偿款 深交所质疑年底突击创利,0
*ST新海收关注函：连续两年更换审计机构，财务总监年末离职,0
*ST升达吃警示函 不少于0.5亿且不高于2亿回购放鸽子,1
*ST庞大停牌重整 昔日经销商龙头能否涅？,1
*ST莲花(600186.SH)获莲泰投资、国厚资产提供重整融资款共2.6亿元,1
*ST凯迪：为切实解决员工工资、社保等问题 拟打包、打折出售资产,1
*ST凯迪：涉及94起标的额千万案件 累计金额148.41亿,0
*ST刚泰：牵扯租赁合同纠纷败诉 涉案金额7440万,1
*ST东网(002175.SZ)不再持有东方影业、东方华尚的股权,0
*ST东南、藏格控股领罚单 这两波投资者可以索赔了,0
*ST东南、藏格控股领罚单 这两波投资者可以索赔了,1
*ST德奥：延期回复深交所关注函至1月9日前,1
*ST大洲收关注函：说明大连和升是否已对公司形成实际控制,0
*ST巴士股东高霞被深交所公开谴责！,1
(深互动)中恒电气：公司在2017年度计提过部分商誉减值,1
(深互动)振芯科技：控股股东诉讼事项尚未有新的进展结果,0
(深互动)兆日科技：公司8月份与专利复审委员会打官司涉及纸纹识别技术专利,0
(深互动)运达科技：公司已于2018年1月30日终止收购货安,0
(深互动)永太科技：三季度净利下滑系前三季度非经常性损益较上年同期减少较多所致,0
(深互动)永安药业：公司正在积极处理网页问题,1
(深互动)亚光科技：由于重组配套融资没有成功募集 公司适当调整了募集配套资金对应的军工技改项目的实施进度和节奏,1
(深互动)卫宁健康：公司的收入和利润存在一定的季节性 导致营业收入、净利润、经营性现金流量呈不均衡的季节性分布,1
(深互动)通化金马：公司暂不具备分红条件,1
(深互动)天舟文化：2018年度公司亏损主要系该年度计提大额商誉减值损失,0
(深互动)天齐锂业：鉴于公司部分高管在配股认购缴款期前6个月内有减持行为，所以无法参与本次配股,0
(深互动)韶能股份：本次司法拍卖导致公司第三大股东日N公司持有公司部分股份被动减持,1
(深互动)三圣股份：目前公司融资成本较高，对公司业绩造成一定影响,1
(深互动)科创信息：公司2018年净利润与2017年相比有所下降,0
(深互动)凯中精密：长沙凯中项目达到预定可使用状态时间调整到2020年10月,0
(深互动)京粮控股：庆隆金宝诉讼公司一案尚未开庭审理,0
(深互动)江特电机：出售九龙汽车将亏损约5亿元,1
(深互动)佳电股份：公司“一对一”和解途径一直在有序开展,0
(深互动)汇纳科技：公司股东减持股份是出于自身资金需求所作出的决定,1
(深互动)恒立实业：截止目前公司未获知股票冻结相关进展信息,0
(深互动)和晶科技：公司已督促环宇万维的管理者对相关事项进行汇报及催促其与武庄等人协商,1
(深互动)合众思壮：公司正在与客户积极沟通后续订单执行与业务合作的方案,1
(深互动)广州浪奇：由于外部经营环境的变化，公司经营面临较大的压力,1
(深互动)迪安诊断：公司第三季度少数股东权益下降主要系公司收购了部分少数股东股权,0
(深互动)德赛电池：公司新能源汽车动力电池业务情况不理想，持续亏损,1
(深互动)德赛电池：2019年9月30日，公司预收账款占负债的0.07%,1
(深互动)常山北明：商誉测试与收益水平相关,0
(深互动)比亚迪：受汽车行业市场需求下滑及新能源汽车补贴大幅退坡等多重因素的影响下，对公司汽车业务造成一定影响,1
(深互动)奥普光电：公司重组未获通过 收购光华微电子能与公司业务技术形成协同效应，实现股东权益的维护,0
(深互动)艾格拉斯：公司尚未收到大股东资产剥离剩余的款项,1
(深互动)ST慧业：被轮候冻结的股份为大股东所持公司股份,0
(深互动)*ST盈方：公司股票将自2019年年度报告公告之日起暂停上市,0
(深互动)*ST天圣：目前（2019）渝01刑初68号案件尚无明确的司法结论,0
(深互动)*ST斯太：奥地利斯太尔破产重组目前暂无新的进展,0
(深互动)*ST沈机：资金受限 公司生产供应较为紧张,1
(深互动)*ST沈机：公司运转困难主要系所处行业市场需求持续下滑,1
(上互动)苏州科达：截至2019年8月13日 壹创投和蓝贰创投合计持股比例已低于5%,1
(上互动)市北高新：公司的产业载体经营模式导致短期内经营业绩会有一定的波动,0
(上互动)龙蟠科技：截止目前，3月份披露的减持计划已完成,0
(上互动)吉祥航空：公司18年四季度亏损原因是航空业四季度为传统淡季,1
"(上互动)禾望电气：公司已获得对青岛华创风能的执行清偿20,064,676.66元已到账",0
(上互动)海航控股：本次减持不会导致公司控制权发生变更,1
(上互动)风语筑：目前尚未取得案件调查结论,1
(上互动)风语筑：关于李晖先生案件，目前尚未取得案件调查结论,1
(上互动)ST安泰：截至2019年6月底，公司逾期未缴的社保为1.68亿元,0
（2019）粤13破申79号决定书,1
（2019）苏0509破122号江苏展博电扶梯成套部件有限公司债权申报资料下载,0
（2019）鲁0303破1号受理破产清算申请后通知已知债权人-通知书,1
（2019）鄂0527破1号,0
（2018）浙0182破15号受理破产申请后宣告债务人破产前裁定债务人重整-民事裁定书,0
（2018）浙0182破15号受理破产清算申请后宣告债务人破产前裁定债务人重整-公告,0
（2018）浙0182破15号批准重整计划草案-民事裁定书,0
